,Sid,name,stocks,percent,stock_id,stock_symbol
0,51518,شركت گروه مالي پارسيان -سهامي خاص -,1548059721.0,77.4,48241092863917835,ولپارس
1,42238,BFMصندوق .س .ا.بازارگرداني اميدلوتوس پارسيان,108094736.0,5.4,48241092863917835,ولپارس
2,46004,شخص حقيقي,975144544.0,6.96,12329519546621752,چدن
3,46003,شخص حقيقي,812754943.0,5.8,12329519546621752,چدن
4,46009,شخص حقيقي,530573459.0,3.78,12329519546621752,چدن
5,46011,شخص حقيقي,528252499.0,3.77,12329519546621752,چدن
6,7591,شركت سرمايه گذاري تامين آتيه مسكن -سهامي خاص -,519620657.0,3.71,12329519546621752,چدن
7,46008,شخص حقيقي,508086632.0,3.62,12329519546621752,چدن
8,46005,شخص حقيقي,469804558.0,3.35,12329519546621752,چدن
9,46006,شخص حقيقي,446636808.0,3.19,12329519546621752,چدن
10,46014,شخص حقيقي,401982025.0,2.87,12329519546621752,چدن
11,46013,شخص حقيقي,397909644.0,2.84,12329519546621752,چدن
12,46010,شخص حقيقي,388006075.0,2.77,12329519546621752,چدن
13,46007,شخص حقيقي,368756631.0,2.63,12329519546621752,چدن
14,79306,شركت توسعه اقتصادي سرزمين ايرانيان-س.خ-,355034537.0,2.53,12329519546621752,چدن
15,46018,شخص حقيقي,340692476.0,2.43,12329519546621752,چدن
16,46016,شخص حقيقي,301509053.0,2.15,12329519546621752,چدن
17,46017,شخص حقيقي,300809086.0,2.14,12329519546621752,چدن
18,46015,شخص حقيقي,300808766.0,2.14,12329519546621752,چدن
19,46019,شخص حقيقي,236791090.0,1.69,12329519546621752,چدن
20,77113,شركت آواتجارت سعيد-سهامي خاص-,189894401.0,1.35,12329519546621752,چدن
21,46023,شخص حقيقي,188363635.0,1.34,12329519546621752,چدن
22,51402,BFMصندوق سرمايه گذاري .ا.ب .اكسيرسودا,188201964.0,1.34,12329519546621752,چدن
23,42103,شركت گروه مالي بانك مسكن-سهامي عام-,152562956.0,1.08,12329519546621752,چدن
24,492,شركت سرمايه گذاري صدرتاءمين-سهامي عام-,17890998378.0,72.77,66772024744156373,فباهنر
25,21902,شخص حقيقي,405000000.0,1.64,66772024744156373,فباهنر
26,77882,شركت سرمايه گذاري آينده نگرالگوريتم-سهامي خاص,338515059.0,1.37,66772024744156373,فباهنر
27,69787,شركت گروه مالي شهر-سهامي عام -,254976907.0,1.03,66772024744156373,فباهنر
28,70677,شركت گروه سرمايه گذاري تدبير-سهامي عام -,3577551942.0,7.77,47996917271187218,وکار
29,490,شركت گروه مالي صباتامين -سهامي عام -,3457626091.0,7.51,47996917271187218,وکار
30,298,شركت بيمه كارآفرين,3180453631.0,6.91,47996917271187218,وکار
31,2472,شخص حقيقي,2300000000.0,5.0,47996917271187218,وکار
32,7939,شركت نگين گنجينه ايرانيان-سهامي خاص-,2299999968.0,4.99,47996917271187218,وکار
33,8053,شركت مهرآفرينان دوران-سهامي خاص-,2299999965.0,4.99,47996917271187218,وکار
34,21507,شركت ايده گستردورانديش-سهامي خاص-,2299999963.0,4.99,47996917271187218,وکار
35,7962,شركت توسعه اقتصادفردا-سهامي خاص-,2299994556.0,4.99,47996917271187218,وکار
36,1628,شخص حقيقي,2165307449.0,4.7,47996917271187218,وکار
37,50544,شركت فرازوفروداقتصادآينده-سهامي خاص-,2156700202.0,4.68,47996917271187218,وکار
38,2397,شخص حقيقي,930875972.0,2.02,47996917271187218,وکار
39,50502,شركت پديده آفرين شفق-سهامي خاص-,869649285.0,1.89,47996917271187218,وکار
40,21630,شركت گروه توسعه مالي مهرآيندگان -سهامي عام -,856834615.0,1.86,47996917271187218,وکار
41,70464,PRXسبد-شرك71185--شرك04729-,800971000.0,1.74,47996917271187218,وکار
42,17221,شخص حقيقي,747839848.0,1.62,47996917271187218,وکار
43,42917,شركت سرزمين پهناورمهر-سهامي خاص-,729908788.0,1.58,47996917271187218,وکار
44,43193,صندوق سرمايه گذاري اندوخته پايدارسپهر,726837360.0,1.58,47996917271187218,وکار
45,46206,موسسه رفاه وتامين اتيه اميد,665838221.0,1.44,47996917271187218,وکار
46,78024,BFMصندوق سرمايه گذاري.ا.ب.كارگزاري كارآفرين,653454529.0,1.42,47996917271187218,وکار
47,62504,شركت خدمات مديريت صباتامين -سهامي خاص -,638237296.0,1.38,47996917271187218,وکار
48,1695,شخص حقيقي,461756194.0,1.0,47996917271187218,وکار
49,20865,شخص حقيقي,461756163.0,1.0,47996917271187218,وکار
50,42020,شركت گروه داده پردازي بانك پارسيان -سهامي خاص -,5174931563.0,57.49,41048299027409941,رتاپ
51,49,بانك تجارت,1206902680.0,13.41,41048299027409941,رتاپ
52,51518,شركت گروه مالي پارسيان -سهامي خاص -,376523092.0,4.18,41048299027409941,رتاپ
53,20068,شركت سرمايه گذاري آتيه پارسيس پارس-سهامي خاص-,297311853.0,3.3,41048299027409941,رتاپ
54,42238,BFMصندوق .س .ا.بازارگرداني اميدلوتوس پارسيان,251045129.0,2.78,41048299027409941,رتاپ
55,48,بانك پارسيان-سهامي عام-,165341772.0,1.83,41048299027409941,رتاپ
56,26482,شركت ارزش آفرينان فدك-سهامي خاص-,99314930.0,6.62,10114441830266109,گدنا
57,69820,شركت ريل پروازتندرخاورميانه م.آزادانزلي-س.خ,79794491.0,5.31,10114441830266109,گدنا
58,69819,شركت توسعه تجارت صبامنطقه آزادانزلي-سهامي خاص,30003647.0,2.0,10114441830266109,گدنا
59,70438,شركت نوين گامان آتي همراه -سهامي خاص -,29859119.0,1.99,10114441830266109,گدنا
60,21426,شركت راه گشاتجارت آذربايجان-بامسئوليت محدود-,17195933.0,1.14,10114441830266109,گدنا
61,69819,شركت توسعه تجارت صبامنطقه آزادانزلي-سهامي خاص,194217481.0,10.78,17269972595370241,وآتوس
62,70438,شركت نوين گامان آتي همراه -سهامي خاص -,142955455.0,7.94,17269972595370241,وآتوس
63,62757,شركت محب گردشگري سلامت ايرانيان-سهامي خاص-,96294308.0,5.34,17269972595370241,وآتوس
64,62550,شخص حقيقي,88678907.0,4.92,17269972595370241,وآتوس
65,51235,شركت تدبيرروشن تجارت منطقه آزادانزلي-س.خ-,71195967.0,3.95,17269972595370241,وآتوس
66,62868,شركت محب مهرسلامت پارس-سهامي خاص-,60488770.0,3.36,17269972595370241,وآتوس
67,62551,شخص حقيقي,51529999.0,2.86,17269972595370241,وآتوس
68,19558,شخص حقيقي,50400000.0,2.8,17269972595370241,وآتوس
69,50142,شخص حقيقي,49900000.0,2.77,17269972595370241,وآتوس
70,21328,شخص حقيقي,43000000.0,2.38,17269972595370241,وآتوس
71,26482,شركت ارزش آفرينان فدك-سهامي خاص-,35633255.0,1.97,17269972595370241,وآتوس
72,51305,شركت گسترش فناوري عمران زيست-سهامي خاص-,32599056.0,1.81,17269972595370241,وآتوس
73,45315,شخص حقيقي,31290999.0,1.73,17269972595370241,وآتوس
74,62898,شخص حقيقي,27083917.0,1.5,17269972595370241,وآتوس
75,51413,شركت ريل پردازنوآفرين-سهامي خاص-,24262171.0,1.34,17269972595370241,وآتوس
76,45317,شخص حقيقي,20218799.0,1.12,17269972595370241,وآتوس
77,79265,PRXسبد-شرك11526--شرك16466-,20106000.0,1.11,17269972595370241,وآتوس
78,69820,شركت ريل پروازتندرخاورميانه م.آزادانزلي-س.خ,19711542.0,1.09,17269972595370241,وآتوس
79,490,شركت گروه مالي صباتامين -سهامي عام -,4714366823.0,26.19,58873907630765023,امین
80,771,موسسه صندوق بيمه اجتماعي روستائيان وعشاير,2263360566.0,12.57,58873907630765023,امین
81,42186,شركت گروه .م .سرمايه گذاري اميد-س .ع -,2180249985.0,12.11,58873907630765023,امین
82,730,صندوق بازنشستگي كشوري,1702309077.0,9.45,58873907630765023,امین
83,8113,شركت گروه مالي ملت -سهام عام -,1459999986.0,8.11,58873907630765023,امین
84,70677,شركت گروه سرمايه گذاري تدبير-سهامي عام -,1433601221.0,7.96,58873907630765023,امین
85,69641,BFMصندوق سرمايه گذاري.ا.ب.امين,908181228.0,5.04,58873907630765023,امین
86,44289,شركت سرمايه گذاري پويا-سهامي عام -,740368805.0,4.11,58873907630765023,امین
87,34001,شركت بهسازمشاركتهاي ملت-سهامي عام-,650249991.0,3.61,58873907630765023,امین
88,788,شركت سرمايه گذاري آتيه صبا-سهامي خاص -,408681816.0,2.27,58873907630765023,امین
89,42185,شركت گروه گسترش نفت وگازپارسيان -سهامي عام -,813683684.0,33.9,13235547361447092,زاگرس
90,22134,شركت گروه پتروشيمي تابان فردا-سهامي عام-,452120000.0,18.83,13235547361447092,زاگرس
91,2739,شركت گروه صنعتي شيمي پوشينه-سهامي خاص-,426731000.0,17.78,13235547361447092,زاگرس
92,42717,شركت صادرفر-سهامي خاص-,390905101.0,16.28,13235547361447092,زاگرس
93,48172,شركت صنعت مرواريدارم-سهامي خاص-,33715845.0,1.4,13235547361447092,زاگرس
94,479,شركت سرمايه گذاري سپهر-سهامي خاص-,622961078.0,56.63,61102694810476197,شپارس
95,78288,PRXسبد-شرك80363--شرك05217-,115000000.0,10.45,61102694810476197,شپارس
96,60795,شركت توسعه فن آوران داده پرداززرفام-سهامي خاص-,21352100.0,1.94,61102694810476197,شپارس
97,50953,شخص حقيقي,19625733.0,1.78,61102694810476197,شپارس
98,2659,شخص حقيقي,16531059.0,1.5,61102694810476197,شپارس
99,20353,شخص حقيقي,15821874.0,1.43,61102694810476197,شپارس
100,79056,شركت گروه نوآوران مهندسي وصنايع زرفام-س.خ-,11524328.0,1.04,61102694810476197,شپارس
101,45594,شركت ثروت آفرينان آرمان-سهامي خاص-,101100000.0,8.9,16553062355259729,بمیلا
102,70743,سبد شخص حقیقی,100000000.0,8.81,16553062355259729,بمیلا
103,60564,شركت گروه معدني ميعادنگين ابرار-سهامي خاص-,62547133.0,5.51,16553062355259729,بمیلا
104,21977,شركت امين اقتصادايرانيان-سهامي خاص-,45281641.0,3.98,16553062355259729,بمیلا
105,44927,شخص حقيقي,34597417.0,3.04,16553062355259729,بمیلا
106,22598,شخص حقيقي,31789558.0,2.8,16553062355259729,بمیلا
107,76881,شركت گروه مالي كارن-سهامي خاص-,20854443.0,1.83,16553062355259729,بمیلا
108,44929,شخص حقيقي,20712755.0,1.82,16553062355259729,بمیلا
109,71470,PRXسبد-شرك66111--شرك05487-,19929097.0,1.75,16553062355259729,بمیلا
110,78659,PRXسبد-شرك19399--شرك81598-,19546651.0,1.72,16553062355259729,بمیلا
111,44928,شخص حقيقي,16875318.0,1.48,16553062355259729,بمیلا
112,1248,شخص حقيقي,12145704.0,1.07,16553062355259729,بمیلا
113,51856,شخص حقيقي,11946666.0,1.05,16553062355259729,بمیلا
114,79049,شخص حقيقي,11509880.0,1.01,16553062355259729,بمیلا
115,43240,شخص حقيقي,11427363.0,1.0,16553062355259729,بمیلا
116,493,شركت سرمايه گذاري صنايع ايران -سهامي عام -,11350139.0,1.0,16553062355259729,بمیلا
117,45052,شركت اميدداروسلامت-سهامي خاص-,435709425.0,40.34,43374709930371268,دحاوی
118,45053,شركت تدبيرآتيه بزرگمهر-سهامي خاص-,230203158.0,21.31,43374709930371268,دحاوی
119,45055,شخص حقيقي,36996372.0,3.42,43374709930371268,دحاوی
120,45056,شخص حقيقي,27236136.0,2.52,43374709930371268,دحاوی
121,70875,شخص حقيقي,22000000.0,2.03,43374709930371268,دحاوی
122,50834,شخص حقيقي,20031150.0,1.85,43374709930371268,دحاوی
123,71040,PRXسبد-شرك63048--شرك79403-,16312621.0,1.51,43374709930371268,دحاوی
124,50745,FIN Day Internatinoal FZE,15382492.0,1.42,43374709930371268,دحاوی
125,45058,شخص حقيقي,12639600.0,1.17,43374709930371268,دحاوی
126,45059,شخص حقيقي,12639600.0,1.17,43374709930371268,دحاوی
127,51922,شخص حقيقي,17602083870.0,47.24,43545527030854340,کویر
128,51924,شخص حقيقي,7627645325.0,20.47,43545527030854340,کویر
129,51923,شخص حقيقي,7369188050.0,19.77,43545527030854340,کویر
130,765,موسسه خيريه علي وحسين همدانيان,630789355.0,1.69,43545527030854340,کویر
131,7640,شركت سرمايه گذاري كشتيراني جمهوري اسلامي ايران,1078000000.0,18.55,6847536925606808,ومعلم
132,515,شركت سرمايه گذاري فرهنگيان-سهامي خاص-,957744781.0,16.48,6847536925606808,ومعلم
133,19397,شركت بانك سرمايه-سهامي عام-,956334638.0,16.46,6847536925606808,ومعلم
134,7522,شركت سرمايه گذاري سرمايه گسترسهند-سهامي خاص -,857461055.0,14.75,6847536925606808,ومعلم
135,50287,شركت سرمايه گذاري راستين نوين كيش-سهامي خاص-,447152681.0,7.69,6847536925606808,ومعلم
136,50286,شركت كشتيراني اقيانوس خروشان كيش-سهامي خاص-,428308666.0,7.37,6847536925606808,ومعلم
137,7666,شركت سرمايه گذاري سايه گسترسرمايه-سهامي خاص-,148648060.0,2.55,6847536925606808,ومعلم
138,51827,شخص حقيقي,73440881.0,1.26,6847536925606808,ومعلم
139,78125,شركت فني مهندسي آلياژخاتون-سهامي خاص-,133123006.0,7.39,30852391633490755,ثفارس
140,2804,شخص حقيقي,106702708.0,5.92,30852391633490755,ثفارس
141,77130,شركت توليدي زنجان برنز-سهامي خاص-,85411086.0,4.74,30852391633490755,ثفارس
142,71317,شخص حقيقي,50563442.0,2.8,30852391633490755,ثفارس
143,78595,شخص حقيقي,44867695.0,2.49,30852391633490755,ثفارس
144,70255,سبد شخص حقیقی,42838816.0,2.37,30852391633490755,ثفارس
145,716,شهرداري شيراز,39099983.0,2.17,30852391633490755,ثفارس
146,79068,شركت خاك طلائي توس-سهامي خاص-,29968645.0,1.66,30852391633490755,ثفارس
147,78986,تعاوني شركت رازي موليبدن سپاهان,21735668.0,1.2,30852391633490755,ثفارس
148,78057,شخص حقيقي,21536149.0,1.19,30852391633490755,ثفارس
149,41956,اداره كل اوقاف وامورخيريه استان فارس,21497335.0,1.19,30852391633490755,ثفارس
150,51589,شخص حقيقي,21493227.0,1.19,30852391633490755,ثفارس
151,79051,شركت رنگين اهن-سهامي خاص-,20318259.0,1.12,30852391633490755,ثفارس
152,78295,شخص حقيقي,19724468.0,1.09,30852391633490755,ثفارس
153,79011,شخص حقيقي,18069268.0,1.0,30852391633490755,ثفارس
154,7497,شركت سرمايه گذاري گروه توسعه ملي -سهامي عام -,4138717292.0,51.32,23719082605583820,شاراک
155,20203,شركت سرمايه گذاري نفت وگازوپتروشيمي تامين-س.ع,1344540394.0,16.67,23719082605583820,شاراک
156,788,شركت سرمايه گذاري آتيه صبا-سهامي خاص -,1045400504.0,12.96,23719082605583820,شاراک
157,730,صندوق بازنشستگي كشوري,134405376.0,1.66,23719082605583820,شاراک
158,26451,شركت بانك خاورميانه-سهامي عام-,479999996.0,19.99,5599691633622269,بخاور
159,77323,PRXسبد-شرك75484--شرك11801-,355558653.0,14.81,5599691633622269,بخاور
160,45850,شخص حقيقي,105882907.0,4.41,5599691633622269,بخاور
161,2910,شركت سام گروه-سهامي خاص-,103999999.0,4.33,5599691633622269,بخاور
162,70168,شركت كياآساتجارت توس-سهامي خاص-,103999998.0,4.33,5599691633622269,بخاور
163,50432,شركت آسفالت طوس-سهامي خاص-,72825999.0,3.03,5599691633622269,بخاور
164,51500,شخص حقيقي,39999999.0,1.66,5599691633622269,بخاور
165,70335,شخص حقيقي,38482828.0,1.6,5599691633622269,بخاور
166,60374,BFMصندوق س.اختصاصي بازارگرداني پاداش.پ.پ,38146401.0,1.58,5599691633622269,بخاور
167,77134,شركت مديريت سرمايه آركا-سهامي خاص-,36509834.0,1.52,5599691633622269,بخاور
168,45852,شخص حقيقي,31199998.0,1.29,5599691633622269,بخاور
169,45851,شخص حقيقي,31199998.0,1.29,5599691633622269,بخاور
170,79477,PRXسبد-شرك10999--شرك53852-,31174000.0,1.29,5599691633622269,بخاور
171,77983,شخص حقيقي,27324899.0,1.13,5599691633622269,بخاور
172,55029,شركت بازرگاني طرح وانديشه آتيه-سهامي خاص-,27100000.0,1.12,5599691633622269,بخاور
173,77922,شخص حقيقي,26896053.0,1.12,5599691633622269,بخاور
174,427,شركت سرمايه گذاري البرز-سهامي عام-,353984877.0,38.47,71510396252618330,دبالک
175,46036,BFMصندوق سرمايه گذاري .ا.ب .تدبيرگران فردا,23384387.0,2.54,71510396252618330,دبالک
176,60452,شخص حقيقي,21956242.0,2.38,71510396252618330,دبالک
177,21964,شخص حقيقي,18221393.0,1.98,71510396252618330,دبالک
178,71047,صندوق سرمايه گذاري سهامي اهرمي كاريزما,14754619.0,1.6,71510396252618330,دبالک
179,77987,شخص حقيقي,9904322.0,1.07,71510396252618330,دبالک
180,71450,شخص حقيقي,9313074.0,1.01,71510396252618330,دبالک
181,60518,BFMصندوق.س.ا.ب.الگوريتمي اميدفارابي,300136924.0,10.0,67690708346979840,کماسه
182,42191,شخص حقيقي,98896334.0,3.29,67690708346979840,کماسه
183,78543,شركت فناوري اطلاعات افتخارآفرين-ب.م.م-,70086951.0,2.33,67690708346979840,کماسه
184,78544,شركت پيشروان صنعت ققنوس طلايي-بامسئوليت محدود,52267263.0,1.74,67690708346979840,کماسه
185,48383,شخص حقيقي,47966000.0,1.59,67690708346979840,کماسه
186,51765,شخص حقيقي,45444272.0,1.51,67690708346979840,کماسه
187,79322,شخص حقيقي,31545653.0,1.05,67690708346979840,کماسه
188,77894,شخص حقيقي,30000000.0,1.0,67690708346979840,کماسه
189,560,شركت سيمان فارس وخوزستان-سهامي عام-,101165575.0,50.58,32525655729432562,سبهان
190,561,شركت سيمان قاين,34272727.0,17.13,32525655729432562,سبهان
191,21630,شركت گروه توسعه مالي مهرآيندگان -سهامي عام -,15862621.0,7.93,32525655729432562,سبهان
192,60773,شخص حقيقي,2118809.0,1.05,32525655729432562,سبهان
193,555,شركت سيمان سپاهان -سهامي عام -,2036362.0,1.01,32525655729432562,سبهان
194,650,شركت گسترش سرمايه گذاري ايران خودرو-سهامي عام-,2928735188.0,44.18,17330546482145553,خمهر
195,598,شركت طراحي مهندسي وتامين قطعات ايران خودرو-س ع-,474886312.0,7.16,17330546482145553,خمهر
196,71047,صندوق سرمايه گذاري سهامي اهرمي كاريزما,104228515.0,1.57,17330546482145553,خمهر
197,46966,BFMصندوق .س .ا.بازارگرداني سهم آشنايكم,89300090.0,1.34,17330546482145553,خمهر
198,44702,شخص حقيقي,76445453.0,1.15,17330546482145553,خمهر
199,60620,شركت مهندسي بازرگاني ارزش آفرينان نوين آرا-س خ-,75145491.0,1.13,17330546482145553,خمهر
200,45198,شخص حقيقي,67163693.0,1.01,17330546482145553,خمهر
201,51828,موسسه جامعه الامام الصادق عليه السلام,4761699006.0,70.69,29247915161590165,دلقما
202,20366,شركت طاهرايران-سهامي خاص-,780410065.0,11.58,29247915161590165,دلقما
203,46966,BFMصندوق .س .ا.بازارگرداني سهم آشنايكم,89995184.0,1.33,29247915161590165,دلقما
204,492,شركت سرمايه گذاري صدرتاءمين-سهامي عام-,1957355997.0,72.49,16959429956899455,شاملا
205,20162,شركت سرمايه گذاري صنايع شيميايي ايران-سهامي عا,95117435.0,3.52,16959429956899455,شاملا
206,79321,صندوق سرمايه گذاري سهامي اهرمي موج فيروز,36814927.0,1.36,16959429956899455,شاملا
207,7335,شركت صنايع خاك چيني ايران-سهامي عام-,29434914.0,1.09,16959429956899455,شاملا
208,652,شركت گسترش سرمايه گذاري تك تار-سهاي خاص-,5006354688.0,50.06,22787503301679573,کروی
209,431,شركت سرمايه گذاري انديشه محوران-سهامي خاص-,354778059.0,3.54,22787503301679573,کروی
210,42530,شركت مديريت توسعه سرمايه گروه پتروشيمي ايراني,223699744.0,2.23,22787503301679573,کروی
211,42615,شركت سرمايه گذاري مدبران اقتصاد-سهامي خاص -,158184717.0,1.58,22787503301679573,کروی
212,21630,شركت گروه توسعه مالي مهرآيندگان -سهامي عام -,137016653.0,1.37,22787503301679573,کروی
213,77882,شركت سرمايه گذاري آينده نگرالگوريتم-سهامي خاص,136301596.0,1.36,22787503301679573,کروی
214,7591,شركت سرمايه گذاري تامين آتيه مسكن -سهامي خاص -,125747989.0,1.25,22787503301679573,کروی
215,515,شركت سرمايه گذاري فرهنگيان-سهامي خاص-,106230319.0,1.06,22787503301679573,کروی
216,20203,شركت سرمايه گذاري نفت وگازوپتروشيمي تامين-س.ع,787982767.0,44.02,43552974795606067,خراسان
217,21764,شركت پتروفرهنگ-سهامي خاص-,340084280.0,19.0,43552974795606067,خراسان
218,42185,شركت گروه گسترش نفت وگازپارسيان -سهامي عام -,236958025.0,13.23,43552974795606067,خراسان
219,788,شركت سرمايه گذاري آتيه صبا-سهامي خاص -,174403693.0,9.74,43552974795606067,خراسان
220,46034,شركت .س .صندوق بازنشستگي كشوري -سهامي عام -,35860000.0,2.0,43552974795606067,خراسان
221,44580,شركت سهامي بيمه ايران -سهامي خاص -,21828734.0,1.21,43552974795606067,خراسان
222,7379,شركت پتروشيمي فن آوران-سهامي عام-,20369421.0,1.13,43552974795606067,خراسان
223,7368,شركت سرمايه گذاري هامون سپاهان -سهامي عام -,18328315.0,1.02,43552974795606067,خراسان
224,20157,شركت سرمايه گذاري صنايع عمومي تامين-سهامي خاص-,932456533.0,62.16,5427792638736934,زفکا
225,21815,شركت بيمه دانا-سهامي عام-,53747908.0,3.58,5427792638736934,زفکا
226,79321,صندوق سرمايه گذاري سهامي اهرمي موج فيروز,17542272.0,1.16,5427792638736934,زفکا
227,42064,صندوق سرمايه گذاري مشترك اميدتوسعه,16170000.0,1.07,5427792638736934,زفکا
228,684,شركت مديريت سرمايه گذاري كوثربهمن-سهامي خاص-,16161821.0,1.07,5427792638736934,زفکا
229,765,موسسه خيريه علي وحسين همدانيان,406033588.0,81.2,10568944722570445,سصفها
230,48400,شركت توسعه واحداث همدانيان اصفهان-سهامي خاص-,10522211.0,2.1,10568944722570445,سصفها
231,1083,شركت سرمايه گذاري نورهمدانيان -سهامي عام -,5350000.0,1.07,10568944722570445,سصفها
232,78065,شخص حقيقي,5287251.0,1.05,10568944722570445,سصفها
233,70122,شركت صنعتي آردزر-سهامي خاص-,2865868071.0,28.65,22299894048845903,غگل
234,50850,شركت توسعه صنعتي غذايي زر-سهامي عام-,1543387646.0,15.43,22299894048845903,غگل
235,71286,شركت خورشيدتجارت البرز-سهامي خاص-,461676246.0,4.61,22299894048845903,غگل
236,62857,شركت توسعه صنعت كيميازر-سهامي عام-,298008359.0,2.98,22299894048845903,غگل
237,51637,شركت صنعتي زرماكارون-سهامي خاص-,160343678.0,1.6,22299894048845903,غگل
238,757,موسسه بنيادعلوي,2916312819.0,49.61,56591881518499520,وسین
239,2721,شركت مادرتخصصي مالي وسرمايه گذاري سينا-سهامي خ,991966144.0,16.87,56591881518499520,وسین
240,493,شركت سرمايه گذاري صنايع ايران -سهامي عام -,219180000.0,3.72,56591881518499520,وسین
241,45373,شركت ره نگارخاورميانه پارس-سهامي خاص-,187116103.0,3.18,56591881518499520,وسین
242,78900,شركت مهندسان مشاورسازه-سهامي خاص-,142288341.0,2.42,56591881518499520,وسین
243,20915,شركت ارزش آفرينان كوثركيش-سهامي خاص-,139658237.0,2.37,56591881518499520,وسین
244,7472,شركت سرمايه گذاري صدرآرين-سهامي عام-,70111750.0,1.19,56591881518499520,وسین
245,70755,شخص حقيقي,213172746.0,9.0,831325835570803,ثنام
246,21471,شخص حقيقي,89970724.0,3.79,831325835570803,ثنام
247,60872,شخص حقيقي,82402979.0,3.48,831325835570803,ثنام
248,44988,شركت ناورود-سهامي خاص-,80736886.0,3.4,831325835570803,ثنام
249,44990,شركت گروه بين المللي آبادراهان پارس-سهامي خاص-,56823615.0,2.39,831325835570803,ثنام
250,44991,شخص حقيقي,54796906.0,2.31,831325835570803,ثنام
251,44993,شخص حقيقي,45932422.0,1.93,831325835570803,ثنام
252,44994,شخص حقيقي,45932422.0,1.93,831325835570803,ثنام
253,44995,شخص حقيقي,45932422.0,1.93,831325835570803,ثنام
254,44996,شخص حقيقي,45932422.0,1.93,831325835570803,ثنام
255,76931,شخص حقيقي,36523692.0,1.54,831325835570803,ثنام
256,45010,شخص حقيقي,34201580.0,1.44,831325835570803,ثنام
257,45001,شخص حقيقي,31322398.0,1.32,831325835570803,ثنام
258,45013,شخص حقيقي,30701950.0,1.29,831325835570803,ثنام
259,45003,شخص حقيقي,30690581.0,1.29,831325835570803,ثنام
260,77300,شخص حقيقي,29837133.0,1.26,831325835570803,ثنام
261,45002,شخص حقيقي,29589041.0,1.24,831325835570803,ثنام
262,45014,شخص حقيقي,28937899.0,1.22,831325835570803,ثنام
263,45000,شخص حقيقي,24386801.0,1.02,831325835570803,ثنام
264,44800,شركت معدني وصنعتي گل گهر-سهامي عام-,7093981925.0,28.37,30703140537034664,کگهر
265,42186,شركت گروه .م .سرمايه گذاري اميد-س .ع -,6567648243.0,26.27,30703140537034664,کگهر
266,460,شركت سرمايه گذاري توسعه معادن وفلزات -سهامي عام,4789960601.0,19.15,30703140537034664,کگهر
267,42025,شركت بين المللي توسعه صنايع ومعادن غدير-سهامي خ,4279245981.0,17.11,30703140537034664,کگهر
268,513,شركت سرمايه گذاري غدير-سهامي عام -,596916200.0,2.38,30703140537034664,کگهر
269,77167,شركت واسط مالي مردادسوم-بامسئوليت محدود-,454545455.0,1.81,30703140537034664,کگهر
270,45892,شركت ايثارفجركاشان-سهامي خاص-,1012311862.0,56.15,9987529074833218,آبین
271,60500,BFMصندوق سرمايه گذاري.ا.بازارگرداني معيار,138801330.0,7.69,9987529074833218,آبین
272,77779,شخص حقيقي,26893411.0,1.49,9987529074833218,آبین
273,42919,شركت بيمه اتكائي امين-سهامي خاص-,25400000.0,1.4,9987529074833218,آبین
274,42560,شخص حقيقي,22202292.0,1.23,9987529074833218,آبین
275,1034,شركت توسعه اعتمادمبين-سهامي خاص-,26170310554.0,43.61,22811176775480091,اخابر
276,42240,دولت جمهوري اسلامي ايران,11859171725.0,19.76,22811176775480091,اخابر
277,76943,شركت واسط مالي شهريورپنجم-بامسئوليت محدود-,2351097179.0,3.91,22811176775480091,اخابر
278,17238,شركت ارتباطات سيارايران-سهامي عام-,1304347826.0,2.17,22811176775480091,اخابر
279,1064,شركت س اتهران س.خ-م ك م ف ع-,689381164.0,1.14,22811176775480091,اخابر
280,1065,شركت س اخراسان رضوي س.خ-م ك م ف ع-,665028760.0,1.1,22811176775480091,اخابر
281,265,شركت ايران خودرو,560819925.0,34.4,3149396562827132,وایران
282,69855,شركت مهرطريق ايرانيان-سهامي خاص-,195697955.0,12.0,3149396562827132,وایران
283,12223,شخص حقيقي,49500000.0,3.03,3149396562827132,وایران
284,77284,شخص حقيقي,33312482.0,2.04,3149396562827132,وایران
285,77242,شخص حقيقي,31591851.0,1.93,3149396562827132,وایران
286,51818,شخص حقيقي,30592513.0,1.87,3149396562827132,وایران
287,42238,BFMصندوق .س .ا.بازارگرداني اميدلوتوس پارسيان,30424145.0,1.86,3149396562827132,وایران
288,77453,شخص حقيقي,29812192.0,1.82,3149396562827132,وایران
289,62426,شخص حقيقي,21544671.0,1.32,3149396562827132,وایران
290,78876,شخص حقيقي,18048844.0,1.1,3149396562827132,وایران
291,498,شركت سرمايه گذاري صنايع برق وآب صبا-سهامي عام-,28543100000.0,47.57,67126881188552864,رمپنا
292,1059,شركت سرمايه گذاري كاركنان گروه مپنا,6557950492.0,10.92,67126881188552864,رمپنا
293,285,شركت بانك پاسارگاد-سهامي عام-,3342000000.0,5.57,67126881188552864,رمپنا
294,1064,شركت س اتهران س.خ-م ك م ف ع-,881384844.0,1.46,67126881188552864,رمپنا
295,1065,شركت س اخراسان رضوي س.خ-م ك م ف ع-,850249906.0,1.41,67126881188552864,رمپنا
296,42717,شركت صادرفر-سهامي خاص-,725648699.0,1.2,67126881188552864,رمپنا
297,2674,شركت س افارس س.خ-م ك م ف ع-,640720398.0,1.06,67126881188552864,رمپنا
298,2662,شركت س اخوزستان س.خ-م ك م ف ع-,623954809.0,1.03,67126881188552864,رمپنا
299,654,شركت گسترش صنايع معدني كاوه پارس-سهامي خاص-,17110987535.0,53.47,60350996279289099,کاوه
300,86,بنيادمستضعفان انقلاب اسلامي,3831400326.0,11.97,60350996279289099,کاوه
301,70871,شركت توسعه بازاريابي وفروش برق صبا-سهامي خاص -,2112185607.0,6.6,60350996279289099,کاوه
302,684,شركت مديريت سرمايه گذاري كوثربهمن-سهامي خاص-,2054035879.0,6.41,60350996279289099,کاوه
303,7638,موسسه صندوق بازنشستگي  ،وظيفه  ،ازكارافتادگي وپ,1092889475.0,3.41,60350996279289099,کاوه
304,44580,شركت سهامي بيمه ايران -سهامي خاص -,481139917.0,1.5,60350996279289099,کاوه
305,527,شركت سرمايه گذاري ملي ايران -سهامي عام -,334466666.0,1.04,60350996279289099,کاوه
306,62463,شخص حقيقي,125253091.0,56.81,3542690854557886,کیا
307,62464,شخص حقيقي,11023399.0,4.99,3542690854557886,کیا
308,45967,شخص حقيقي,7167554.0,3.25,3542690854557886,کیا
309,49004,شخص حقيقي,7150869.0,3.24,3542690854557886,کیا
310,60350,شركت.س.ت.سامانه هاي رايانه اي هوپادهوناميك س خ,6608767.0,2.99,3542690854557886,کیا
311,78725,BFMصندوق سرمايه گذاري اختصاصي ب.بازده معاملات,6150802.0,2.78,3542690854557886,کیا
312,46802,شخص حقيقي,4348952.0,1.97,3542690854557886,کیا
313,46907,شخص حقيقي,4000170.0,1.81,3542690854557886,کیا
314,45647,شركت سرمايه گذاري تحليل گران وكارآفرينان تكسان,3856573.0,1.74,3542690854557886,کیا
315,21790,ETFكدرزروصندوقهاي سرمايه گذاري قابل معامله,3966095240.0,79.321,31366347648583654,ارمغان ثابت
316,48398,موسسه آتيه رفاه همكاران مهرايرانيان,79873180.0,1.597,31366347648583654,ارمغان ثابت
317,51994,ذذذبازارگردان شرك57388ارمغان,867320827.0,17.346,31366347648583654,ارمغان ثابت
318,21790,ETFكدرزروصندوقهاي سرمايه گذاري قابل معامله,290827751.0,72.7,64942549055019553,سرو
319,69729,BFMصندوق .س .ا.بازارگرداني تاك دانا,12301730.0,3.07,64942549055019553,سرو
320,298,شركت بيمه كارآفرين,12000000.0,3.0,64942549055019553,سرو
321,69384,صندوق سرمايه گذاري افرانمادپايدار,11875900.0,2.96,64942549055019553,سرو
322,78209,شركت صندوق پژوهش وفناوري غيردولتي صنعت نفت -س خ -,8330702.0,2.08,64942549055019553,سرو
323,62349,شركت آگه پردازان هوشمند-سهامي خاص -,4263864.0,1.06,64942549055019553,سرو
324,70677,شركت گروه سرمايه گذاري تدبير-سهامي عام -,5015385829.0,71.64,24785665268004766,وپویا
325,42917,شركت سرزمين پهناورمهر-سهامي خاص-,323588182.0,4.62,24785665268004766,وپویا
326,44244,شركت ايران وشرق-سهامي خاص-,149426416.0,2.13,24785665268004766,وپویا
327,46036,BFMصندوق سرمايه گذاري .ا.ب .تدبيرگران فردا,109952794.0,1.57,24785665268004766,وپویا
328,45064,شهرداري اصفهان,107295755.0,21.45,66456062140680461,ثامان
329,122,سازمان همياري شهرداريهاي استان اصفهان,13226956.0,2.64,66456062140680461,ثامان
330,79369,موسسه س.ميادين ميوه وتره باروموادغذايي اصفهان,12097845.0,2.41,66456062140680461,ثامان
331,62876,BFMصندوق سرمايه گذاري.ا.ب.توسعه سهام نيكي,8048182.0,1.6,66456062140680461,ثامان
332,70223,شخص حقيقي,6796002.0,1.35,66456062140680461,ثامان
333,70211,شخص حقيقي,5632474.0,1.12,66456062140680461,ثامان
334,51479,BFMصندوق .س .ا.بازارگرداني توسعه بازارتمدن,5480898.0,1.09,66456062140680461,ثامان
335,513,شركت سرمايه گذاري غدير-سهامي عام -,26279727264.0,64.88,23441366113375722,پارسان
336,41722,شركت سرمايه گذاري آپاداناايساتيس-سهامي عام-,3696104781.0,9.12,23441366113375722,پارسان
337,734,صندوق بازنشستگي نيروهاي مسلح,1758828835.0,4.34,23441366113375722,پارسان
338,771,موسسه صندوق بيمه اجتماعي روستائيان وعشاير,1634203056.0,4.03,23441366113375722,پارسان
339,22650,شركت توسعه ومديريت سرمايه صبا-سهامي خاص -,963971878.0,2.38,23441366113375722,پارسان
340,48249,شركت واسط مالي مرداديكم-بامسئوليت محدود-,725952814.0,1.79,23441366113375722,پارسان
341,527,شركت سرمايه گذاري ملي ايران -سهامي عام -,628087757.0,1.55,23441366113375722,پارسان
342,21614,شركت بيمه مركزي جمهوري اسلامي ايران,419811757.0,1.03,23441366113375722,پارسان
343,425,شركت سرمايه گذاري اعتضادغدير-سهامي خاص -,412272526.0,1.01,23441366113375722,پارسان
344,305,شركت پارس دارو-سهامي عام-,822718690.0,51.41,56550776668133562,دفارا
345,48269,شركت سرمايه گذاري داروئي تامين-سهامي عام-,213225775.0,13.32,56550776668133562,دفارا
346,478,شركت سرمايه گذاري سپه -سهامي عام -,77882277.0,4.86,56550776668133562,دفارا
347,49993,شخص حقيقي,20195695.0,1.26,56550776668133562,دفارا
348,385,شركت داروپخش-سهامي عام-,17319990.0,1.08,56550776668133562,دفارا
349,560,شركت سيمان فارس وخوزستان-سهامي عام-,175304299.0,26.96,32347247706508046,ساوه
350,909,شركت سرمايه گذاري سيمان تامين-سهامي عام-,157972023.0,24.3,32347247706508046,ساوه
351,46034,شركت .س .صندوق بازنشستگي كشوري -سهامي عام -,138047263.0,21.23,32347247706508046,ساوه
352,42186,شركت گروه .م .سرمايه گذاري اميد-س .ع -,99811537.0,15.35,32347247706508046,ساوه
353,50602,شركت كارانديش دوران معاصر-سهامي خاص-,3616134427.0,49.26,34557241988629814,برکت
354,70677,شركت گروه سرمايه گذاري تدبير-سهامي عام -,649657463.0,8.85,34557241988629814,برکت
355,70292,شركت واسط مالي آبان پنجم-بامسئوليت محدود-,550464219.0,7.49,34557241988629814,برکت
356,46036,BFMصندوق سرمايه گذاري .ا.ب .تدبيرگران فردا,402913470.0,5.48,34557241988629814,برکت
357,44289,شركت سرمايه گذاري پويا-سهامي عام -,266958205.0,3.63,34557241988629814,برکت
358,62446,PRXسبد-شرك13364--ستا07156-,218534959.0,2.97,34557241988629814,برکت
359,47748,شركت پالايش پارسيان سپهر-سهامي خاص-,153790119.0,2.09,34557241988629814,برکت
360,1953,شخص حقيقي,4993311.0,55.48,54369290104873523,بتک
361,44907,شخص حقيقي,1113399.0,12.37,54369290104873523,بتک
362,1183,شخص حقيقي,200000.0,2.22,54369290104873523,بتک
363,60717,شخص حقيقي,115000.0,1.27,54369290104873523,بتک
364,267,شركت ايران خودروديزل-سهامي عام-,462285972.0,48.55,33783140337377394,خچرخش
365,71127,FIN Zf Friedrichshafen Ag,158999822.0,16.69,33783140337377394,خچرخش
366,41694,شركت سرمايه گذاري سليم-سهامي عام-,134994463.0,14.17,33783140337377394,خچرخش
367,70686,PRXسبد-شرك66041--شرك30630-,43810000.0,4.6,33783140337377394,خچرخش
368,42238,BFMصندوق .س .ا.بازارگرداني اميدلوتوس پارسيان,14875865.0,1.56,33783140337377394,خچرخش
369,453,شركت سرمايه گذاري ترنيان سهم-سهامي خاص-,13356844.0,1.4,33783140337377394,خچرخش
370,537,شركت سرمايه گذاري وتوسعه صنايع سيمان-سهامي خاص,1127511302.0,66.32,6757220448540984,سشمال
371,21630,شركت گروه توسعه مالي مهرآيندگان -سهامي عام -,89500967.0,5.26,6757220448540984,سشمال
372,44580,شركت سهامي بيمه ايران -سهامي خاص -,66649585.0,3.92,6757220448540984,سشمال
373,62840,IFMصندوق سرمايه گذاري.ا.بازارگرداني توسعه مل,55588881.0,3.26,6757220448540984,سشمال
374,42064,صندوق سرمايه گذاري مشترك اميدتوسعه,38547503.0,2.26,6757220448540984,سشمال
375,75,بانك ملي ايران,37926532.0,2.23,6757220448540984,سشمال
376,553,شركت سيمان داراب-سهامي عام-,24417526.0,1.43,6757220448540984,سشمال
377,48269,شركت سرمايه گذاري داروئي تامين-سهامي عام-,650576832.0,38.26,64289770858657141,دقاضی
378,415,شركت سرمايه گذاري آذر-سهامي خاص -,304621869.0,17.91,64289770858657141,دقاضی
379,50466,شركت لابراتوارهاي رازك-سهامي عام-,234929302.0,13.81,64289770858657141,دقاضی
380,45060,شهرداري تبريز,220999998.0,12.99,64289770858657141,دقاضی
381,45061,شركت جابرابن حيان,113219998.0,6.65,64289770858657141,دقاضی
382,50909,BFMصندوق .س .ا.ب .صباگسترنفت وگازتامين,59016324.0,3.47,64289770858657141,دقاضی
383,42186,شركت گروه .م .سرمايه گذاري اميد-س .ع -,5468906793.0,84.13,65018804181564924,گوهران
384,60341,BFMصندوق سرمايه گذاري.ا.ب.گوهرفام اميد,376886558.0,5.79,65018804181564924,گوهران
385,769,موسسه رفاه وتامين آتيه كاركنان بانك سپه,66872427.0,1.02,65018804181564924,گوهران
386,54972,شركت سرمايه گذاري اهداف-سهامي عام-بخش6,3874500000.0,12.91,58964593134314938,ومهان
387,54975,شركت سرمايه گذاري اهداف-سهامي عام-بخش9,3238749996.0,10.79,58964593134314938,ومهان
388,20062,شركت سرمايه گذاري اهداف-سهامي عام-,3013378025.0,10.04,58964593134314938,ومهان
389,54971,شركت سرمايه گذاري اهداف-سهامي عام-بخش5,2999999997.0,9.99,58964593134314938,ومهان
390,54973,شركت سرمايه گذاري اهداف-سهامي عام-بخش7,2999999997.0,9.99,58964593134314938,ومهان
391,54968,شركت سرمايه گذاري اهداف-سهامي عام-بخش2,2999999997.0,9.99,58964593134314938,ومهان
392,54970,شركت سرمايه گذاري اهداف-سهامي عام-بخش4,2999999997.0,9.99,58964593134314938,ومهان
393,54974,شركت سرمايه گذاري اهداف-سهامي عام-بخش8,2999999997.0,9.99,58964593134314938,ومهان
394,54969,شركت سرمايه گذاري اهداف-سهامي عام-بخش3,2125499994.0,7.08,58964593134314938,ومهان
395,45818,شخص حقيقي,87512184.0,10.41,3654864906585643,تکنو
396,51402,BFMصندوق سرمايه گذاري .ا.ب .اكسيرسودا,33582046.0,3.99,3654864906585643,تکنو
397,47133,شخص حقيقي,33195998.0,3.95,3654864906585643,تکنو
398,2878,شخص حقيقي,12394705.0,1.47,3654864906585643,تکنو
399,50992,شخص حقيقي,9531957.0,1.13,3654864906585643,تکنو
400,48358,شركت گروه سرمايه گذاري توسعه صنعتي ايران -س .ع -,760000000.0,38.0,57600064931636077,وجامی
401,46963,شركت سرمايه گذاري پاياتدبيرپارسا-سهامي خاص-,235006663.0,11.75,57600064931636077,وجامی
402,42410,شخص حقيقي,97136000.0,4.85,57600064931636077,وجامی
403,78907,شخص حقيقي,40300000.0,2.01,57600064931636077,وجامی
404,60848,شخص حقيقي,36435772.0,1.82,57600064931636077,وجامی
405,62902,BFMصندوق سرمايه گذاري.ا.ب.توسعه فيروزه پويا,36300858.0,1.81,57600064931636077,وجامی
406,78908,شخص حقيقي,33900000.0,1.69,57600064931636077,وجامی
407,50495,شخص حقيقي,20745401.0,1.03,57600064931636077,وجامی
408,332,شركت تعميرات نيروگاهي ايران,1953035874.0,20.73,20453828618330936,بنیرو
409,7638,موسسه صندوق بازنشستگي  ،وظيفه  ،ازكارافتادگي وپ,1519403413.0,16.13,20453828618330936,بنیرو
410,970,شركت توزيع نيروي برق تهران بزرگ-سهامي خاص-,1505557786.0,15.98,20453828618330936,بنیرو
411,498,شركت سرمايه گذاري صنايع برق وآب صبا-سهامي عام-,517091790.0,5.48,20453828618330936,بنیرو
412,1064,شركت س اتهران س.خ-م ك م ف ع-,166118258.0,1.76,20453828618330936,بنیرو
413,1065,شركت س اخراسان رضوي س.خ-م ك م ف ع-,160250155.0,1.7,20453828618330936,بنیرو
414,2674,شركت س افارس س.خ-م ك م ف ع-,120759243.0,1.28,20453828618330936,بنیرو
415,2662,شركت س اخوزستان س.خ-م ك م ف ع-,117599350.0,1.24,20453828618330936,بنیرو
416,1063,شركت س ااصفهان س.ع-م ك م ف ع-,105874270.0,1.12,20453828618330936,بنیرو
417,20203,شركت سرمايه گذاري نفت وگازوپتروشيمي تامين-س.ع,1270296458.0,50.27,23214828924506640,پکرمان
418,7497,شركت سرمايه گذاري گروه توسعه ملي -سهامي عام -,803169165.0,31.78,23214828924506640,پکرمان
419,42324,صندوق سرمايه گذاري مشترك بانك خاورميانه,82000000.0,3.24,23214828924506640,پکرمان
420,42375,شركت مكين -سهامي خاص -,62890000.0,2.48,23214828924506640,پکرمان
421,492,شركت سرمايه گذاري صدرتاءمين-سهامي عام-,760120135.0,50.67,57639364758870873,کپشیر
422,46034,شركت .س .صندوق بازنشستگي كشوري -سهامي عام -,174822756.0,11.65,57639364758870873,کپشیر
423,44867,شركت خدمات گسترصباانرژي-سهامي خاص-,32500136.0,2.16,57639364758870873,کپشیر
424,42508,شخص حقيقي,23246324.0,1.54,57639364758870873,کپشیر
425,730,صندوق بازنشستگي كشوري,23058211.0,1.53,57639364758870873,کپشیر
426,1383,شخص حقيقي,21124116.0,1.4,57639364758870873,کپشیر
427,77603,صندوق سرمايه گذاري تضمين اصل سرمايه كاريزما,17013878.0,1.13,57639364758870873,کپشیر
428,77265,شركت توسعه كسب وكارفاخر-سهامي خاص-,16419752.0,1.09,57639364758870873,کپشیر
429,7942,شركت مبناي خاورميانه-سهامي خاص-,16299999.0,1.08,57639364758870873,کپشیر
430,527,شركت سرمايه گذاري ملي ايران -سهامي عام -,176728966.0,44.18,30231789123900526,نمرینو
431,86,بنيادمستضعفان انقلاب اسلامي,63221761.0,15.8,30231789123900526,نمرینو
432,1765,شخص حقيقي,13358102.0,3.33,30231789123900526,نمرینو
433,2803,شخص حقيقي,12284014.0,3.07,30231789123900526,نمرینو
434,7279,شخص حقيقي,12283464.0,3.07,30231789123900526,نمرینو
435,1227,شخص حقيقي,10928588.0,2.73,30231789123900526,نمرینو
436,1671,شخص حقيقي,7056972.0,1.76,30231789123900526,نمرینو
437,70421,شخص حقيقي,4262128.0,1.06,30231789123900526,نمرینو
438,42185,شركت گروه گسترش نفت وگازپارسيان -سهامي عام -,14861990882.0,49.53,48753732042176709,شبریز
439,63,بانك صادرات ايران,1547312498.0,5.15,48753732042176709,شبریز
440,49,بانك تجارت,1411507946.0,4.7,48753732042176709,شبریز
441,7368,شركت سرمايه گذاري هامون سپاهان -سهامي عام -,1040066524.0,3.46,48753732042176709,شبریز
442,62875,صندوق سرمايه گذاري پالايشي يكم,941086287.0,3.13,48753732042176709,شبریز
443,22196,شركت سرمايه گذاري توسعه معين ملت-سهامي خاص-,777022616.0,2.59,48753732042176709,شبریز
444,1064,شركت س اتهران س.خ-م ك م ف ع-,344690562.0,1.14,48753732042176709,شبریز
445,1065,شركت س اخراسان رضوي س.خ-م ك م ف ع-,332514372.0,1.1,48753732042176709,شبریز
446,492,شركت سرمايه گذاري صدرتاءمين-سهامي عام-,259098421.0,64.77,32678431934327184,کلوند
447,60743,صندوق سرمايه گذاري سروسودمندمدبران,13500000.0,3.37,32678431934327184,کلوند
448,50163,صندوق سرمايه گذاري ثروت آفرين تمدن,6039291.0,1.5,32678431934327184,کلوند
449,425,شركت سرمايه گذاري اعتضادغدير-سهامي خاص -,6000000.0,1.5,32678431934327184,کلوند
450,48571,FIN Gif Spc,4817720.0,1.2,32678431934327184,کلوند
451,70067,PRXسبد-شرك66041--شرك30630-,4110611.0,1.02,32678431934327184,کلوند
452,47207,شركت سيمان شرق -سهامي عام -,92500000.0,51.38,49627523909849331,کفرآور
453,60881,شخص حقيقي,6669937.0,3.7,49627523909849331,کفرآور
454,78020,شخص حقيقي,3750090.0,2.08,49627523909849331,کفرآور
455,21945,شخص حقيقي,2504680.0,1.39,49627523909849331,کفرآور
456,42131,صندوق سرمايه گذاري توسعه اطلس مفيد,2394808.0,1.33,49627523909849331,کفرآور
457,19558,شخص حقيقي,2250000.0,1.25,49627523909849331,کفرآور
458,60652,BFMصندوق سرمايه گذاري.ا.بازارگرداني مهرگان,2096584.0,1.16,49627523909849331,کفرآور
459,781,شركت بازرگاني پوياگستردنيا-سهامي خاص-,2311676624.0,81.24,14398278072324784,قهکمت
460,1217,شخص حقيقي,62584819.0,2.19,14398278072324784,قهکمت
461,77448,شخص حقيقي,32350806.0,1.13,14398278072324784,قهکمت
462,50281,شخص حقيقي,31500000.0,1.1,14398278072324784,قهکمت
463,71040,PRXسبد-شرك63048--شرك79403-,29200588.0,1.02,14398278072324784,قهکمت
464,8115,شركت توسعه معادن روي ايران-سهامي عام-,14912966.0,17.75,42690477960659940,کشرق
465,50412,شخص حقيقي,12441968.0,14.81,42690477960659940,کشرق
466,54792,شخص حقيقي,5788801.0,6.89,42690477960659940,کشرق
467,60735,شخص حقيقي,4676652.0,5.56,42690477960659940,کشرق
468,70852,شخص حقيقي,4053400.0,4.82,42690477960659940,کشرق
469,627,شركت كالسيمين-سهامي عام-,3268279.0,3.89,42690477960659940,کشرق
470,431,شركت سرمايه گذاري انديشه محوران-سهامي خاص-,2628534.0,3.12,42690477960659940,کشرق
471,77460,سبد شخص حقیقی,2141376.0,2.54,42690477960659940,کشرق
472,652,شركت گسترش سرمايه گذاري تك تار-سهاي خاص-,1680000.0,2.0,42690477960659940,کشرق
473,48263,شركت مهندسي وتحقيقاتي فلزات غيرآهني-سهامي خاص,1192719.0,1.41,42690477960659940,کشرق
474,19551,شركت بازرگاني توسعه صنعت روي-سهامي خاص-,1083929.0,1.29,42690477960659940,کشرق
475,78000,شخص حقيقي,901906.0,1.07,42690477960659940,کشرق
476,22200,شركت معدنكاران انگوران-سهامي خاص-,888004.0,1.05,42690477960659940,کشرق
477,629,شركت كربن ايران-سهامي عام-,185880240.0,53.1,10120557300120078,پسهند
478,22631,شركت سرمايه گذاري هامون كيش-سهامي خاص-,40345289.0,11.52,10120557300120078,پسهند
479,46165,شركت سرمايه گذاري صنايع پتروشيمي-سهامي عام-,26467250.0,7.56,10120557300120078,پسهند
480,44266,شخص حقيقي,9086046.0,2.59,10120557300120078,پسهند
481,42636,شركت سرمايه گذاري وتوسعه صنعتي نيوان ابتكارس.ع,7370000.0,2.1,10120557300120078,پسهند
482,50909,BFMصندوق .س .ا.ب .صباگسترنفت وگازتامين,6485546.0,1.85,10120557300120078,پسهند
483,71276,PRXسبد-شرك37608--شرك24406-,4037064.0,1.15,10120557300120078,پسهند
484,7330,شركت سرمايه گذاري مهر-سهامي خاص-,4000000.0,1.14,10120557300120078,پسهند
485,45495,صندوق سرمايه گذاري مشترك پيشتاز,3530579.0,1.0,10120557300120078,پسهند
486,1032,شركت توسعه صنايع بهشهر-سهامي عام-,4502837497.0,14.79,47302318535715632,ونوین
487,21576,شركت به پخش-سهامي عام-,2548060952.0,8.37,47302318535715632,ونوین
488,521,شركت سرمايه گذاري گروه صنايع بهشهرايران -سهامي,2070356999.0,6.8,47302318535715632,ونوین
489,470,شركت سرمايه گذاري ساختمان ايران -سهامي عام -,1564471262.0,5.14,47302318535715632,ونوین
490,689,شركت مديريت صنعت قندتوسعه صنايع بهشهر-سهامي عا,1483788910.0,4.87,47302318535715632,ونوین
491,22223,شركت تامين مسكن جوانان-سهامي عام-,1479922131.0,4.86,47302318535715632,ونوین
492,21630,شركت گروه توسعه مالي مهرآيندگان -سهامي عام -,1223136499.0,4.02,47302318535715632,ونوین
493,21449,شركت مديريت طرح وتوسعه آينده پويا-سهامي خاص-,1067815114.0,3.5,47302318535715632,ونوین
494,21481,شركت نوسازي وساختمان تهران-نوسا--سهامي عام-,754017850.0,2.47,47302318535715632,ونوین
495,51518,شركت گروه مالي پارسيان -سهامي خاص -,639756577.0,2.1,47302318535715632,ونوین
496,8042,شركت تامين مسكن نوين-سهامي عام-,638505931.0,2.09,47302318535715632,ونوین
497,46034,شركت .س .صندوق بازنشستگي كشوري -سهامي عام -,637725819.0,2.09,47302318535715632,ونوین
498,7293,شركت بانك اقتصادنوين -سهامي عام -,559043492.0,1.83,47302318535715632,ونوین
499,51872,شركت سرمايه گذاري مديريت سرمايه مدار-سهامي عام,545226914.0,1.79,47302318535715632,ونوین
500,45855,IFMصندوق سرمايه گذاري بازارگرداني نوين پيشرو,449748186.0,1.47,47302318535715632,ونوین
501,41979,شركت صنعتي بهپاك-سهامي عام-,429741441.0,1.41,47302318535715632,ونوین
502,788,شركت سرمايه گذاري آتيه صبا-سهامي خاص -,413013367.0,1.35,47302318535715632,ونوین
503,7638,موسسه صندوق بازنشستگي  ،وظيفه  ،ازكارافتادگي وپ,335574266.0,1.1,47302318535715632,ونوین
504,1032,شركت توسعه صنايع بهشهر-سهامي عام-,4113765128.0,50.47,46982154647719707,وصنا
505,788,شركت سرمايه گذاري آتيه صبا-سهامي خاص -,2130032725.0,26.13,46982154647719707,وصنا
506,22860,BFMصندوق سرمايه گذاري.ا.ب.گروه توسعه بهشهر,246350423.0,3.02,46982154647719707,وصنا
507,781,شركت بازرگاني پوياگستردنيا-سهامي خاص-,1401731922.0,67.73,15259343650667588,قزوین
508,69191,شركت بازرگاني بين المللي زرين دانه نشاط-ب.م.م-,54379709.0,2.62,15259343650667588,قزوین
509,55119,شخص حقيقي,46865618.0,2.26,15259343650667588,قزوین
510,71040,PRXسبد-شرك63048--شرك79403-,43394651.0,2.09,15259343650667588,قزوین
511,34005,شركت اميدآفرينان مدبر-سهامي خاص-,39544456.0,1.91,15259343650667588,قزوین
512,55141,شخص حقيقي,32151294.0,1.55,15259343650667588,قزوین
513,50281,شخص حقيقي,28000000.0,1.35,15259343650667588,قزوین
514,8091,شركت قندهكمتان-سهامي عام-,22490532.0,1.08,15259343650667588,قزوین
515,7851,شركت سرمايه گذاري توكافولاد-سهامي عام -,1055841357.0,52.79,65671173927025645,کتوکا
516,50837,شخص حقيقي,329500000.0,16.47,65671173927025645,کتوکا
517,7526,شخص حقيقي,75110000.0,3.75,65671173927025645,کتوکا
518,77073,PRXسبد-شرك14514--شرك14909-,52270281.0,2.61,65671173927025645,کتوکا
519,21790,ETFكدرزروصندوقهاي سرمايه گذاري قابل معامله,259900000.0,43.316,43443105991896600,ارزش
520,60714,شركت سبدگردان اقتصادبيدار-سهامي خاص -,9842024.0,1.64,43443105991896600,ارزش
521,298,شركت بيمه كارآفرين,37000000.0,6.166,43443105991896600,ارزش
522,69335,شركت بازتاب نيروي برتر-سهامي خاص -,18297892.0,3.049,43443105991896600,ارزش
523,69342,كارگزاري اقتصادبيدار-سهامي خاص -,18523299.0,3.087,43443105991896600,ارزش
524,49357,شخص حقيقي,12409476.0,2.068,43443105991896600,ارزش
525,71413,شركت باران نيروبشل -سهامي خاص -,7679006.0,1.279,43443105991896600,ارزش
526,50328,شخص حقيقي,23954732.0,3.992,43443105991896600,ارزش
527,62904,BFMصندوق.س.ا.ب.نهايت انديش اقتصادبيدار,12613582.0,2.102,43443105991896600,ارزش
528,50525,صندوق سرمايه گذاري انديشه ورزان صباتامين,8980000.0,1.496,43443105991896600,ارزش
529,76961,شركت آرمان توسعه مبين مهرسپهر-سهامي خاص -,20565000.0,3.427,43443105991896600,ارزش
530,44101,صندوق س دراوراق بهاداربادرآمدثابت اعتمادملل,6376000.0,1.062,43443105991896600,ارزش
531,42508,شخص حقيقي,6256418.0,1.042,43443105991896600,ارزش
532,1046,شركت بين المللي جهان تيراژه پارسيان-سهامي خاص-,5345076.0,32.39,50652985928800943,غیوان
533,427,شركت سرمايه گذاري البرز-سهامي عام-,3595493.0,21.79,50652985928800943,غیوان
534,1044,شركت بين المللي گروه غذائي جهان نازپاسارگادبام,2096108.0,12.7,50652985928800943,غیوان
535,1049,شركت ساختماني بين المللي دنياي طراحان آريا-سها,2096108.0,12.7,50652985928800943,غیوان
536,968,مؤسسه بنيادپانزده خرداد,1015978.0,6.15,50652985928800943,غیوان
537,1047,شركت دنياي شيمي پليمربامسئوليت محدود,968984.0,5.87,50652985928800943,غیوان
538,375,شركت خدمات بازرگاني پيمان امير,935498253.0,76.99,43256212620530446,کبافق
539,1222,شخص حقيقي,15198500.0,1.25,43256212620530446,کبافق
540,25030,بانك رفاه كارگران-سهامي عام-,1007691536.0,51.67,65999092673039059,مداران
541,21605,مجتمع اقتصادي كميته امدادامام خميني-ره-,542456400.0,27.81,65999092673039059,مداران
542,51952,شخص حقيقي,54760760.0,2.8,65999092673039059,مداران
543,47709,شركت توسعه سرمايه رفاه-سهامي خاص-,41921134.0,2.14,65999092673039059,مداران
544,294,شركت بيمه البرز-سهامي عام -,23750000.0,1.21,65999092673039059,مداران
545,50909,BFMصندوق .س .ا.ب .صباگسترنفت وگازتامين,23143979.0,1.18,65999092673039059,مداران
546,788,شركت سرمايه گذاري آتيه صبا-سهامي خاص -,1516247854.0,22.63,48623320733330408,فلوله
547,527,شركت سرمايه گذاري ملي ايران -سهامي عام -,909278868.0,13.57,48623320733330408,فلوله
548,1338,شخص حقيقي,95725323.0,1.42,48623320733330408,فلوله
549,69476,شخص حقيقي,80735799.0,1.2,48623320733330408,فلوله
550,78178,شخص حقيقي,72482135.0,1.08,48623320733330408,فلوله
551,50264,شركت ايراني توليداتومبيل سايپا-سهامي عام-,794651446.0,54.42,57722642338781674,پلاسک
552,42238,BFMصندوق .س .ا.بازارگرداني اميدلوتوس پارسيان,35761353.0,2.44,57722642338781674,پلاسک
553,46907,شخص حقيقي,22275000.0,1.52,57722642338781674,پلاسک
554,52,بانك سپه,13700146907.0,56.74,33629260529503413,بجهرم
555,49,بانك تجارت,4029722546.0,16.68,33629260529503413,بجهرم
556,8113,شركت گروه مالي ملت -سهام عام -,1029407684.0,4.26,33629260529503413,بجهرم
557,45572,BFMصندوق سرمايه گذاري.ا.ب.اميدايرانيان,395086525.0,1.63,33629260529503413,بجهرم
558,642,شركت گروه توليدي مهرام-سهامي عام-,12610000.0,27.65,62558705479545830,سایرا
559,70359,شركت توسعه نوآوران آپادانا-سهامي خاص-,6067700.0,13.3,62558705479545830,سایرا
560,77648,شركت توسعه انبوه سازان مسكن كاميارآپادانا-س خ-,5691248.0,12.48,62558705479545830,سایرا
561,70066,BFMصندوق سرمايه گذاري .ا.ب .ميزان داريك,1837280.0,4.02,62558705479545830,سایرا
562,71323,شركت راهبردكسب وكاربيژه-سهامي خاص-,1220000.0,2.67,62558705479545830,سایرا
563,62296,شركت سرمايه گذاري غايت نگر-سهامي عام-,1100000.0,2.41,62558705479545830,سایرا
564,78685,BFMصندوق سرمايه گذاري .ا.ب .پايش پايدار,530594.0,1.16,62558705479545830,سایرا
565,20157,شركت سرمايه گذاري صنايع عمومي تامين-سهامي خاص-,530838190.0,66.35,14916489896692147,زملارد
566,50909,BFMصندوق .س .ا.ب .صباگسترنفت وگازتامين,29960488.0,3.74,14916489896692147,زملارد
567,70464,PRXسبد-شرك71185--شرك04729-,18050036.0,2.25,14916489896692147,زملارد
568,50525,صندوق سرمايه گذاري انديشه ورزان صباتامين,8051385.0,1.0,14916489896692147,زملارد
569,48603,شخص حقيقي,6174460.0,8.28,45066064863062755,ثنظام
570,77190,شركت پيشگامان توسعه رادمان پارسيان-سهامي خاص-,5330732.0,7.15,45066064863062755,ثنظام
571,21991,شخص حقيقي,3366680.0,4.51,45066064863062755,ثنظام
572,45576,شركت اطمينان گستردانا-سهامي خاص-,2929103.0,3.93,45066064863062755,ثنظام
573,47603,شخص حقيقي,2898106.0,3.88,45066064863062755,ثنظام
574,77266,شركت ماهان خودرورادسير-سهامي خاص-,2283645.0,3.06,45066064863062755,ثنظام
575,77423,شخص حقيقي,1912749.0,2.56,45066064863062755,ثنظام
576,45017,سازمان نظام مهندسي ساختمان كشورشوراي مركزي,1633576.0,2.19,45066064863062755,ثنظام
577,77923,شركت آذرغلطك-سهامي خاص-,1297901.0,1.74,45066064863062755,ثنظام
578,78716,شركت مديريت دارايي وثروت دانا-سهامي خاص-,1206755.0,1.61,45066064863062755,ثنظام
579,78502,شخص حقيقي,837507.0,1.12,45066064863062755,ثنظام
580,45023,سازمان نظام مهندسي ساختمان استان فارس,830000.0,1.11,45066064863062755,ثنظام
581,50900,شخص حقيقي,810967.0,1.08,45066064863062755,ثنظام
582,79066,شخص حقيقي,801545.0,1.07,45066064863062755,ثنظام
583,51147,وزارت اموراقتصادي ودارائي,8359326348.0,50.99,22087269603540841,وپست
584,42593,BFMصندوق.س.ا.بازارگرداني پست بانك ايران,1062864199.0,6.48,22087269603540841,وپست
585,771,موسسه صندوق بيمه اجتماعي روستائيان وعشاير,470387444.0,2.86,22087269603540841,وپست
586,42125,صندوق سرمايه گذاري امين آشناايرانيان,423781744.0,2.58,22087269603540841,وپست
587,1064,شركت س اتهران س.خ-م ك م ف ع-,235406943.0,1.43,22087269603540841,وپست
588,1065,شركت س اخراسان رضوي س.خ-م ك م ف ع-,227091187.0,1.38,22087269603540841,وپست
589,19717,شخص حقيقي,179681387.0,1.09,22087269603540841,وپست
590,2674,شركت س افارس س.خ-م ك م ف ع-,171128461.0,1.04,22087269603540841,وپست
591,2662,شركت س اخوزستان س.خ-م ك م ف ع-,166650580.0,1.01,22087269603540841,وپست
592,340,شركت توسعه سرمايه وصنعت غدير-سهامي عام-,470789312.0,39.89,27000326841257664,سدشت
593,553,شركت سيمان داراب-سهامي عام-,190244919.0,16.12,27000326841257664,سدشت
594,555,شركت سيمان سپاهان -سهامي عام -,118616183.0,10.05,27000326841257664,سدشت
595,1064,شركت س اتهران س.خ-م ك م ف ع-,23048299.0,1.95,27000326841257664,سدشت
596,1065,شركت س اخراسان رضوي س.خ-م ك م ف ع-,22234118.0,1.88,27000326841257664,سدشت
597,2674,شركت س افارس س.خ-م ك م ف ع-,16754901.0,1.41,27000326841257664,سدشت
598,2662,شركت س اخوزستان س.خ-م ك م ف ع-,16316479.0,1.38,27000326841257664,سدشت
599,1063,شركت س ااصفهان س.ع-م ك م ف ع-,14689667.0,1.24,27000326841257664,سدشت
600,2663,شركت س اآذربايجان شرقي س.خ-م ك م ف ع-,12989006.0,1.1,27000326841257664,سدشت
601,2675,شركت س امازندران س.خ-م ك م ف ع-,11978593.0,1.01,27000326841257664,سدشت
602,537,شركت سرمايه گذاري وتوسعه صنايع سيمان-سهامي خاص,681426026.0,50.85,44802346787824971,ساروج
603,340,شركت توسعه سرمايه وصنعت غدير-سهامي عام-,393275134.0,29.34,44802346787824971,ساروج
604,62840,IFMصندوق سرمايه گذاري.ا.بازارگرداني توسعه مل,50972469.0,3.8,44802346787824971,ساروج
605,70016,BFMصندوق سرمايه گذاري .ا.ب .لاجورددماوند,27034056.0,2.01,44802346787824971,ساروج
606,45078,شخص حقيقي,17304932.0,1.29,44802346787824971,ساروج
607,21332,شركت خدمات بندري پلي اكريل ماهشهر-سهامي خاص-,4473842741.0,16.0,28845264556937486,شپلی
608,21335,شركت الياف زاينده رود-سهامي خاص-,2207852677.0,7.89,28845264556937486,شپلی
609,636,شركت كنزاينوستمنت-سهامي خاص-,1908067697.0,6.82,28845264556937486,شپلی
610,42047,شركت مجتمع صنايع ومعادن احياءسپاهان -سهامي عام,1841398500.0,6.58,28845264556937486,شپلی
611,50374,شركت بازرگاني پلي اكريل اصفهان-سهامي خاص-,1514333748.0,5.41,28845264556937486,شپلی
612,62810,شخص حقيقي,371200000.0,1.32,28845264556937486,شپلی
613,50791,سازمان تامين اجتماعي نيروهاي مسلح,467280.0,11.68,49129081625829210,نشار
614,45258,شخص حقيقي,374864.0,9.37,49129081625829210,نشار
615,527,شركت سرمايه گذاري ملي ايران -سهامي عام -,360032.0,9.0,49129081625829210,نشار
616,45259,شخص حقيقي,256231.0,6.4,49129081625829210,نشار
617,45260,شخص حقيقي,226905.0,5.67,49129081625829210,نشار
618,45261,شخص حقيقي,197812.0,4.94,49129081625829210,نشار
619,45262,شخص حقيقي,140193.0,3.5,49129081625829210,نشار
620,45265,شخص حقيقي,77285.0,1.93,49129081625829210,نشار
621,45266,شخص حقيقي,44975.0,1.12,49129081625829210,نشار
622,45267,شخص حقيقي,44975.0,1.12,49129081625829210,نشار
623,45268,شخص حقيقي,44975.0,1.12,49129081625829210,نشار
624,45269,شخص حقيقي,44975.0,1.12,49129081625829210,نشار
625,45270,شخص حقيقي,44881.0,1.12,49129081625829210,نشار
626,45271,شخص حقيقي,44066.0,1.1,49129081625829210,نشار
627,45272,شخص حقيقي,42553.0,1.06,49129081625829210,نشار
628,42212,شركت صنايع برق وانرژي صبا-سهامي خاص-,1922781532.0,55.59,24662567615903665,وسنا
629,41841,شركت گروه مپنا-سهامي عام-,607856101.0,17.57,24662567615903665,وسنا
630,7497,شركت سرمايه گذاري گروه توسعه ملي -سهامي عام -,552099977.0,15.96,24662567615903665,وسنا
631,50939,شركت بانك سينا-سهامي عام-,46451840.0,1.34,24662567615903665,وسنا
632,70871,شركت توسعه بازاريابي وفروش برق صبا-سهامي خاص -,37280000.0,1.07,24662567615903665,وسنا
633,42186,شركت گروه .م .سرمايه گذاري اميد-س .ع -,15225023421.0,65.06,2328862017676109,وسپه
634,7638,موسسه صندوق بازنشستگي  ،وظيفه  ،ازكارافتادگي وپ,1668130598.0,7.12,2328862017676109,وسپه
635,7330,شركت سرمايه گذاري مهر-سهامي خاص-,466217741.0,1.99,2328862017676109,وسپه
636,50428,شركت مديريت ارزش آفرينان آويژه -سهامي خاص -,413796261.0,1.76,2328862017676109,وسپه
637,52,بانك سپه,303999999.0,1.29,2328862017676109,وسپه
638,42064,صندوق سرمايه گذاري مشترك اميدتوسعه,261693377.0,1.11,2328862017676109,وسپه
639,340,شركت توسعه سرمايه وصنعت غدير-سهامي عام-,1106104447.0,41.68,26997316501080743,سشرق
640,555,شركت سيمان سپاهان -سهامي عام -,311784650.0,11.74,26997316501080743,سشرق
641,560,شركت سيمان فارس وخوزستان-سهامي عام-,89418176.0,3.36,26997316501080743,سشرق
642,77882,شركت سرمايه گذاري آينده نگرالگوريتم-سهامي خاص,61470936.0,2.31,26997316501080743,سشرق
643,415,شركت سرمايه گذاري آذر-سهامي خاص -,55917267.0,2.1,26997316501080743,سشرق
644,60652,BFMصندوق سرمايه گذاري.ا.بازارگرداني مهرگان,43430775.0,1.63,26997316501080743,سشرق
645,425,شركت سرمايه گذاري اعتضادغدير-سهامي خاص -,40600000.0,1.53,26997316501080743,سشرق
646,451,شركت سرمايه گذاري تدبيرگران آتيه ايرانيان-سها,33621981.0,1.26,26997316501080743,سشرق
647,20242,شخص حقيقي,28900000.0,1.08,26997316501080743,سشرق
648,909,شركت سرمايه گذاري سيمان تامين-سهامي عام-,416717470.0,51.44,11964419322927535,سرود
649,44417,شركت گروه مالي مهرگان تامين پارس -سهامي خاص -,31831912.0,3.92,11964419322927535,سرود
650,771,موسسه صندوق بيمه اجتماعي روستائيان وعشاير,23153981.0,2.85,11964419322927535,سرود
651,50728,شخص حقيقي,17723408.0,2.18,11964419322927535,سرود
652,553,شركت سيمان داراب-سهامي عام-,15332691.0,1.89,11964419322927535,سرود
653,451,شركت سرمايه گذاري تدبيرگران آتيه ايرانيان-سها,14815108.0,1.82,11964419322927535,سرود
654,41694,شركت سرمايه گذاري سليم-سهامي عام-,285814753.0,35.72,43951910415124966,وگستر
655,69912,شركت رسام فناوري پايا-سهامي خاص-,50280000.0,6.28,43951910415124966,وگستر
656,48026,شركت توسعه سامانه هاي نرم افزاري نگين-سهامي خاص,39859000.0,4.98,43951910415124966,وگستر
657,77345,شركت توسعه خدمات اقتصادآرمان-سهامي خاص-,30960000.0,3.87,43951910415124966,وگستر
658,70874,BFMصندوق سرمايه گذاري.ا.بازارگرداني پرگار,30481677.0,3.81,43951910415124966,وگستر
659,69914,شركت آكام فناوري برديس-سهامي خاص-,29864297.0,3.73,43951910415124966,وگستر
660,70402,شركت تدبيرگران فناوري فرداي ايرانيان-س.خ-,28060045.0,3.5,43951910415124966,وگستر
661,77092,شخص حقيقي,26744949.0,3.34,43951910415124966,وگستر
662,44119,شركت سرمايه گذاران فناوري تك وستا-سهامي خاص -,18600792.0,2.32,43951910415124966,وگستر
663,78259,PRXسبد-شرك68263--شرك69797-,16050000.0,2.0,43951910415124966,وگستر
664,78316,شخص حقيقي,12233199.0,1.52,43951910415124966,وگستر
665,69915,شركت كاوش فناوري فرتاك-سهامي خاص-,11639976.0,1.45,43951910415124966,وگستر
666,78562,شخص حقيقي,8744336.0,1.09,43951910415124966,وگستر
667,78545,PRXسبد-شرك58057--شرك28494-,8662605.0,1.08,43951910415124966,وگستر
668,51586,شخص حقيقي,8098253.0,2.79,23049019886587905,خفولا
669,78724,شخص حقيقي,6234785.0,2.14,23049019886587905,خفولا
670,78163,شركت هنرنوين پارسيان-بامسئوليت محدود-,5753523.0,1.98,23049019886587905,خفولا
671,77786,شخص حقيقي,4164547.0,1.43,23049019886587905,خفولا
672,77649,سبد شخص حقیقی,4143156.0,1.42,23049019886587905,خفولا
673,79351,شخص حقيقي,3589044.0,1.23,23049019886587905,خفولا
674,47177,شركت بيمه تجارت نو-سهامي عام-,3514258.0,1.21,23049019886587905,خفولا
675,77661,سبد شخص حقیقی,3265336.0,1.12,23049019886587905,خفولا
676,60547,شخص حقيقي,3200000.0,1.1,23049019886587905,خفولا
677,50210,شخص حقيقي,3013773.0,1.03,23049019886587905,خفولا
678,71094,شخص حقيقي,260122863.0,9.07,55959112038778737,سخواف
679,71154,شخص حقيقي,153333536.0,5.35,55959112038778737,سخواف
680,1020,شركت بيمه معلم -سهامي عام -,125854054.0,4.39,55959112038778737,سخواف
681,70263,شخص حقيقي,67534387.0,2.35,55959112038778737,سخواف
682,77082,شخص حقيقي,33022226.0,1.15,55959112038778737,سخواف
683,21790,ETFكدرزروصندوقهاي سرمايه گذاري قابل معامله,6442400000.0,42.949,34718633636164421,کمند
684,51402,BFMصندوق سرمايه گذاري .ا.ب .اكسيرسودا,246547620.0,1.643,34718633636164421,کمند
685,7638,موسسه صندوق بازنشستگي  ،وظيفه  ،ازكارافتادگي وپ,1078950000.0,7.193,34718633636164421,کمند
686,69993,شركت پالايش نفت تهران -سهامي عام -,398958000.0,2.659,34718633636164421,کمند
687,7470,شركت سرمايه گذاري ارشك -سهامي عام -,211488000.0,1.409,34718633636164421,کمند
688,50903,شركت صنايع مس افق كرمان -سهامي خاص -,173224713.0,1.154,34718633636164421,کمند
689,48066,شركت آلومينيوم تابنده اراك-سهامي خاص-,1135134595.0,33.46,57875847776839336,فنوال
690,51476,شركت هوشمندسرمايه پرديس-بامسئوليت محدود-,618646211.0,18.23,57875847776839336,فنوال
691,51475,شركت پيشران سرمايه پرديس-بامسئوليت محدود-,608542619.0,17.94,57875847776839336,فنوال
692,45904,شخص حقيقي,210400000.0,6.2,57875847776839336,فنوال
693,1423,شخص حقيقي,59854145.0,1.76,57875847776839336,فنوال
694,78990,شخص حقيقي,34003265.0,1.0,57875847776839336,فنوال
695,7679,شركت ليزينگ ورفاه فرهنگيان-سهامي خاص-,399999999.0,9.99,43913530989262989,سمایه
696,515,شركت سرمايه گذاري فرهنگيان-سهامي خاص-,399100000.0,9.97,43913530989262989,سمایه
697,7648,شركت ساختماني معلم,305516265.0,7.63,43913530989262989,سمایه
698,7632,شركت سرمايه گذاري توسعه پايدارصدف-سهامي خاص-,205678076.0,5.14,43913530989262989,سمایه
699,20893,شخص حقيقي,200000000.0,5.0,43913530989262989,سمایه
700,20891,شخص حقيقي,200000000.0,5.0,43913530989262989,سمایه
701,20892,شخص حقيقي,200000000.0,5.0,43913530989262989,سمایه
702,20890,شخص حقيقي,200000000.0,5.0,43913530989262989,سمایه
703,20888,شخص حقيقي,200000000.0,5.0,43913530989262989,سمایه
704,20889,شخص حقيقي,200000000.0,5.0,43913530989262989,سمایه
705,48374,شركت مديريت فرآيندهاي نيروگاهي ايرانيان-س.خ-,145024938.0,3.62,43913530989262989,سمایه
706,7666,شركت سرمايه گذاري سايه گسترسرمايه-سهامي خاص-,130043135.0,3.25,43913530989262989,سمایه
707,20896,شخص حقيقي,125758405.0,3.14,43913530989262989,سمایه
708,7633,شركت تامين مسكن فرهنگيان-سهامي خاص-,106647043.0,2.66,43913530989262989,سمایه
709,70827,PRXسبد-شرك72346--شرك08921-,46349483.0,1.15,43913530989262989,سمایه
710,8115,شركت توسعه معادن روي ايران-سهامي عام-,6185694026.0,55.81,54277068923045214,فسرب
711,48435,شركت توسعه فن آوري مدبران خليج فارس -سهامي خاص -,952475311.0,8.59,54277068923045214,فسرب
712,431,شركت سرمايه گذاري انديشه محوران-سهامي خاص-,259932919.0,2.34,54277068923045214,فسرب
713,19552,شخص حقيقي,173000505.0,1.56,54277068923045214,فسرب
714,70530,شركت س .گروه مالي كيميامس ايرانيان -س .خ -,172045886.0,1.55,54277068923045214,فسرب
715,78297,PRXسبد-شرك14208--شرك63906-,125533251.0,1.13,54277068923045214,فسرب
716,22175,شركت صنايع پتروشيمي خليج فارس -سهامي عام -,6180670016.0,68.67,19040514831923530,نوری
717,20203,شركت سرمايه گذاري نفت وگازوپتروشيمي تامين-س.ع,1377000000.0,15.3,19040514831923530,نوری
718,46034,شركت .س .صندوق بازنشستگي كشوري -سهامي عام -,497579111.0,5.52,19040514831923530,نوری
719,60391,BFMصندوق سرمايه گذاري .ا.ب .خليج فارس,97761404.0,1.08,19040514831923530,نوری
720,7575,شخص حقيقي,2636859195.0,44.13,66514709341259550,فوکا
721,48312,شركت صباميهن-سهامي خاص-,1172477640.0,19.62,66514709341259550,فوکا
722,44928,شخص حقيقي,896578813.0,15.0,66514709341259550,فوکا
723,44927,شخص حقيقي,851833421.0,14.25,66514709341259550,فوکا
724,69729,BFMصندوق .س .ا.بازارگرداني تاك دانا,92836822.0,1.55,66514709341259550,فوکا
725,515,شركت سرمايه گذاري فرهنگيان-سهامي خاص-,7661263292.0,37.12,20865316761157979,فاراک
726,7429,بانك دي-سهامي عام-,808594421.0,3.91,20865316761157979,فاراک
727,473,شركت سرمايه گذاري سامان فرهنگيان-سهامي خاص-,544106172.0,2.63,20865316761157979,فاراک
728,7664,شركت سرمايه گذاري تدبيرفرهنگيان-سهامي خاص-,507805821.0,2.46,20865316761157979,فاراک
729,7522,شركت سرمايه گذاري سرمايه گسترسهند-سهامي خاص -,415268768.0,2.01,20865316761157979,فاراک
730,70727,شركت سرمايه گذاري بازرگاني تدبيرگران اطلس-س خ-,280663892.0,1.35,20865316761157979,فاراک
731,21899,شخص حقيقي,216800000.0,1.05,20865316761157979,فاراک
732,1533,شخص حقيقي,210000000.0,1.01,20865316761157979,فاراک
733,1061,شركت مادرتخصصي گسترش صنايع غذايي سينا-سهامي خا,522324467.0,44.66,3492952121304423,غدیس
734,86,بنيادمستضعفان انقلاب اسلامي,230373749.0,19.69,3492952121304423,غدیس
735,50192,BFMصندوق سرمايه گذاري .ا.ب .سينابهگزين,14753750.0,1.26,3492952121304423,غدیس
736,650,شركت گسترش سرمايه گذاري ايران خودرو-سهامي عام-,446393316.0,31.87,6433335428452486,خعمرا
737,598,شركت طراحي مهندسي وتامين قطعات ايران خودرو-س ع-,234544018.0,16.74,6433335428452486,خعمرا
738,740,صندوق حمايت وبازنشستگي آينده ساز,142204401.0,10.15,6433335428452486,خعمرا
739,33940,شخص حقيقي,68981818.0,4.92,6433335428452486,خعمرا
740,60620,شركت مهندسي بازرگاني ارزش آفرينان نوين آرا-س خ-,55756264.0,3.98,6433335428452486,خعمرا
741,46966,BFMصندوق .س .ا.بازارگرداني سهم آشنايكم,41332540.0,2.95,6433335428452486,خعمرا
742,33942,شخص حقيقي,17863154.0,1.27,6433335428452486,خعمرا
743,33941,شخص حقيقي,17775554.0,1.26,6433335428452486,خعمرا
744,70677,شركت گروه سرمايه گذاري تدبير-سهامي عام -,2101500.0,4.203,28788598290160782,الماس
745,21441,صندوق سرمايه گذاري لوتوس پارسيان,680000.0,1.36,28788598290160782,الماس
746,21790,ETFكدرزروصندوقهاي سرمايه گذاري قابل معامله,37321310.0,74.642,28788598290160782,الماس
747,2781,شركت سرمايه گذاري پرديس -سهامي عام -,500000.0,1.0,28788598290160782,الماس
748,25130,صندوق سرمايه گذاري مشترك سپهرتدبيرگران,833504.0,1.667,28788598290160782,الماس
749,46036,BFMصندوق سرمايه گذاري .ا.ب .تدبيرگران فردا,5007540.0,10.015,28788598290160782,الماس
750,78299,شركت سبدگردان تدبير-سهامي خاص -,730268.0,1.46,28788598290160782,الماس
751,60743,صندوق سرمايه گذاري سروسودمندمدبران,15500000.0,3.1,53686258677793038,وارس
752,69206,شركت سرمايه گذاري فارابي-سهامي خاص-,25750000.0,5.15,53686258677793038,وارس
753,69722,شخص حقيقي,13663000.0,2.73,53686258677793038,وارس
754,51903,شخص حقيقي,18785500.0,3.75,53686258677793038,وارس
755,22035,شخص حقيقي,44460000.0,8.89,53686258677793038,وارس
756,18381,شخص حقيقي,5505000.0,1.1,53686258677793038,وارس
757,42386,شخص حقيقي,35020000.0,7.0,53686258677793038,وارس
758,54818,شخص حقيقي,6507898.0,1.3,53686258677793038,وارس
759,55014,شخص حقيقي,6400000.0,1.28,53686258677793038,وارس
760,45324,شخص حقيقي,18154000.0,3.63,53686258677793038,وارس
761,45325,شخص حقيقي,35020000.0,7.0,53686258677793038,وارس
762,45327,شخص حقيقي,35020000.0,7.0,53686258677793038,وارس
763,48519,شخص حقيقي,44250000.0,8.85,53686258677793038,وارس
