VertexId,pagerank
1500,1.6277601296596600
2718,1.6277601296596600
1567,1.6277601296596600
2653,1.6277601296596600
1417,1.6277601296596600
2948,1.6277601296596600
3186,1.6277601296596600
3090,1.6277601296596600
1459,1.6277601296596600
3172,1.6277601296596600
2606,1.6277601296596600
1715,1.6277601296596600
2558,1.6277601296596600
1475,1.6277601296596600
3092,1.6277601296596600
2257,1.6277601296596600
3087,1.6277601296596600
1166,1.6277601296596600
1415,1.6277601296596600
38,1.6277601296596600
2877,1.6277601296596600
1064,1.6277601296596600
2680,1.6277601296596600
3229,1.6277601296596600
2892,1.6277601296596600
1843,1.6277601296596600
2141,1.6277601296596600
2291,1.6277601296596600
2959,1.6277601296596600
2914,1.6277601296596600
1027,1.6277601296596600
1541,1.6277601296596600
2100,1.6277601296596600
1578,1.6277601296596600
2139,1.6277601296596600
2007,1.6277601296596600
2659,1.6277601296596600
884,1.6277601296596600
3289,1.6277601296596600
2421,1.6277601296596600
1433,1.6277601296596600
1903,1.6277601296596600
2173,1.6277601296596600
1704,1.6277601296596600
2098,1.6277601296596600
2345,1.6277601296596600
1421,1.6277601296596600
2730,1.6277601296596600
2625,1.6277601296596600
889,1.6277601296596600
2077,1.6277601296596600
1964,1.6277601296596600
3197,1.6277601296596600
931,1.6277601296596600
1419,1.6277601296596600
1717,1.6277601296596600
944,1.6277601296596600
3161,1.6277601296596600
2387,1.6277601296596600
1243,1.6277601296596600
2515,1.6277601296596600
2451,1.6277601296596600
44,1.6277601296596600
1112,1.6277601296596600
2060,1.6277601296596600
2806,1.6277601296596600
1467,1.6277601296596600
2410,1.6277601296596600
449,1.6277601296596600
1867,1.6277601296596600
2945,1.6277601296596600
1877,1.6277601296596600
2066,1.6277601296596600
2825,1.6277601296596600
2255,1.6277601296596600
882,1.6277601296596600
2560,1.6277601296596600
648,1.6277601296596600
1423,1.6277601296596600
3333,1.6277601296596600
3002,1.6277601296596600
715,1.6277601296596600
2808,1.6277601296596600
3287,1.6277601296596600
2851,1.6277601296596600
1638,1.6277601296596600
2229,1.6277601296596600
3225,1.6277601296596600
1461,1.6277601296596600
605,1.6277601296596600
3054,1.6277601296596600
1069,1.6277601296596600
2952,1.6277601296596600
2623,1.6277601296596600
472,1.6277601296596600
1506,1.6277601296596600
1361,1.6277601296596600
3100,1.6277601296596600
3227,1.6277601296596600
880,1.6277601296596600
2334,1.2538152350081100
2335,1.2538152350081100
1732,1.2538152350081100
1044,1.2538152350081100
720,1.2538152350081100
1066,1.2538152350081100
3380,1.2538152350081100
280,1.2538152350081100
635,1.2538152350081100
532,1.2538152350081100
1959,1.2538152350081100
1870,1.2538152350081100
2710,1.2538152350081100
3257,1.2538152350081100
3317,1.2538152350081100
1473,1.2538152350081100
2538,1.2538152350081100
2575,1.2538152350081100
36,1.2538152350081100
281,1.2538152350081100
2722,1.2538152350081100
1426,1.2538152350081100
3371,1.2538152350081100
2436,1.2538152350081100
3015,1.2538152350081100
1823,1.2538152350081100
1006,1.2538152350081100
2009,1.2538152350081100
1192,1.2538152350081100
798,1.2538152350081100
1007,1.2538152350081100
2859,1.2538152350081100
2751,1.2538152350081100
1822,1.2538152350081100
997,1.2538152350081100
2754,1.2538152350081100
718,1.2538152350081100
41,1.2538152350081100
1974,1.2538152350081100
2010,1.2538152350081100
1973,1.2538152350081100
1731,1.2538152350081100
784,1.2538152350081100
1961,1.2538152350081100
1383,1.2538152350081100
651,1.2538152350081100
3031,1.2538152350081100
2844,1.2538152350081100
1470,1.2538152350081100
64,1.2538152350081100
1735,1.2538152350081100
1581,1.2538152350081100
1315,1.2538152350081100
65,1.2538152350081100
35,1.2538152350081100
2942,1.2538152350081100
3200,1.2538152350081100
2277,1.2538152350081100
1384,1.2538152350081100
1734,1.2538152350081100
996,1.2538152350081100
1570,1.2538152350081100
3258,1.2538152350081100
2708,1.2538152350081100
2492,1.2538152350081100
2563,1.2538152350081100
650,1.2538152350081100
2753,1.2538152350081100
2491,1.2538152350081100
3175,1.2538152350081100
2562,1.2538152350081100
2828,1.2538152350081100
1962,1.2538152350081100
2656,1.2538152350081100
717,1.2538152350081100
823,1.2538152350081100
1067,1.2538152350081100
2157,1.2538152350081100
3307,1.2538152350081100
1213,1.2538152350081100
1168,1.2538152350081100
1158,1.2538152350081100
2721,1.2538152350081100
42,1.2538152350081100
2750,1.2538152350081100
533,1.2538152350081100
2697,1.2538152350081100
2701,1.2538152350081100
1569,1.2538152350081100
2537,1.2538152350081100
1214,1.2538152350081100
1580,1.2538152350081100
2941,1.2538152350081100
1191,1.2538152350081100
1425,1.2538152350081100
787,1.2538152350081100
636,1.2538152350081100
2827,1.2538152350081100
2276,1.2538152350081100
2707,1.2538152350081100
2609,1.2538152350081100
3178,1.2538152350081100
2158,1.2538152350081100
886,1.2538152350081100
2698,1.2538152350081100
3300,1.2538152350081100
2347,1.2538152350081100
2328,1.2538152350081100
3176,1.2538152350081100
3372,1.2538152350081100
2743,1.2538152350081100
687,1.2538152350081100
2608,1.2538152350081100
501,1.2538152350081100
3379,1.2538152350081100
2700,1.2538152350081100
1472,1.2538152350081100
3030,1.2538152350081100
686,1.2538152350081100
3199,1.2538152350081100
2327,1.2538152350081100
2348,1.2538152350081100
330,1.2538152350081100
721,1.2538152350081100
824,1.2538152350081100
2742,1.2538152350081100
502,1.2538152350081100
1738,1.2538152350081100
2655,1.2538152350081100
3179,1.2538152350081100
1739,1.2538152350081100
2843,1.2538152350081100
1159,1.2538152350081100
329,1.2538152350081100
3016,1.2538152350081100
797,1.2538152350081100
785,1.2538152350081100
3308,1.2538152350081100
2711,1.2538152350081100
1043,1.2538152350081100
1314,1.2538152350081100
2858,1.2538152350081100
2437,1.2538152350081100
1958,1.2538152350081100
1869,1.2538152350081100
1469,1.2538152350081100
887,1.2538152350081100
1169,1.2538152350081100
3316,1.2538152350081100
788,1.2538152350081100
2576,1.2538152350081100
3299,1.2538152350081100
1325,1.1291669367909300
755,1.1291669367909300
2602,1.1291669367909300
528,1.1291669367909300
1344,1.1291669367909300
1656,1.1291669367909300
1977,1.1291669367909300
3304,1.1291669367909300
2724,1.1291669367909300
2613,1.1291669367909300
2332,1.1291669367909300
862,1.1291669367909300
1290,1.1291669367909300
1651,1.1291669367909300
332,1.1291669367909300
858,1.1291669367909300
3183,1.1291669367909300
3013,1.1291669367909300
2889,1.1291669367909300
1209,1.1291669367909300
3012,1.1291669367909300
1899,1.1291669367909300
60,1.1291669367909300
1381,1.1291669367909300
2662,1.1291669367909300
2890,1.1291669367909300
3035,1.1291669367909300
2453,1.1291669367909300
3184,1.1291669367909300
3255,1.1291669367909300
2062,1.1291669367909300
2616,1.1291669367909300
2331,1.1291669367909300
1971,1.1291669367909300
2879,1.1291669367909300
2748,1.1291669367909300
76,1.1291669367909300
3249,1.1291669367909300
3011,1.1291669367909300
1653,1.1291669367909300
3312,1.1291669367909300
2478,1.1291669367909300
1832,1.1291669367909300
550,1.1291669367909300
860,1.1291669367909300
1969,1.1291669367909300
2496,1.1291669367909300
2580,1.1291669367909300
2611,1.1291669367909300
1504,1.1291669367909300
756,1.1291669367909300
1508,1.1291669367909300
684,1.1291669367909300
1323,1.1291669367909300
3044,1.1291669367909300
3182,1.1291669367909300
2619,1.1291669367909300
1655,1.1291669367909300
2465,1.1291669367909300
2458,1.1291669367909300
2134,1.1291669367909300
3303,1.1291669367909300
2963,1.1291669367909300
2330,1.1291669367909300
1970,1.1291669367909300
754,1.1291669367909300
2604,1.1291669367909300
1509,1.1291669367909300
3251,1.1291669367909300
2822,1.1291669367909300
2746,1.1291669367909300
2459,1.1291669367909300
682,1.1291669367909300
683,1.1291669367909300
334,1.1291669367909300
1538,1.1291669367909300
2136,1.1291669367909300
1463,1.1291669367909300
3254,1.1291669367909300
3033,1.1291669367909300
1503,1.1291669367909300
3311,1.1291669367909300
2473,1.1291669367909300
2585,1.1291669367909300
2474,1.1291669367909300
3094,1.1291669367909300
1074,1.1291669367909300
80,1.1291669367909300
352,1.1291669367909300
2962,1.1291669367909300
2477,1.1291669367909300
2663,1.1291669367909300
61,1.1291669367909300
2389,1.1291669367909300
1976,1.1291669367909300
1073,1.1291669367909300
1162,1.1291669367909300
712,1.1291669367909300
2617,1.1291669367909300
78,1.1291669367909300
1901,1.1291669367909300
2735,1.1291669367909300
1210,1.1291669367909300
2565,1.1291669367909300
333,1.1291669367909300
2725,1.1291669367909300
1343,1.1291669367909300
1657,1.1291669367909300
2566,1.1291669367909300
1211,1.1291669367909300
644,1.1291669367909300
2823,1.1291669367909300
2063,1.1291669367909300
551,1.1291669367909300
3313,1.1291669367909300
442,1.1291669367909300
2821,1.1291669367909300
1536,1.1291669367909300
79,1.1291669367909300
2615,1.1291669367909300
1289,1.1291669367909300
2135,1.1291669367909300
2961,1.1291669367909300
2578,1.1291669367909300
2661,1.1291669367909300
3083,1.1291669367909300
100,1.1291669367909300
3095,1.1291669367909300
354,1.1291669367909300
1163,1.1291669367909300
441,1.1291669367909300
2481,1.1291669367909300
62,1.1291669367909300
2259,1.1291669367909300
3250,1.1291669367909300
549,1.1291669367909300
2482,1.1291669367909300
2584,1.1291669367909300
2704,1.1291669367909300
645,1.1291669367909300
711,1.1291669367909300
98,1.1291669367909300
1833,1.1291669367909300
1324,1.1291669367909300
854,1.1291669367909300
3043,1.1291669367909300
1379,1.1291669367909300
2733,1.1291669367909300
3305,1.1291669367909300
2881,1.1291669367909300
2703,1.1291669367909300
2480,1.1291669367909300
1291,1.1291669367909300
529,1.1291669367909300
3082,1.1291669367909300
2454,1.1291669367909300
1276,1.1291669367909300
2391,1.1291669367909300
2460,1.1291669367909300
1072,1.1291669367909300
2455,1.1291669367909300
1380,1.1291669367909300
1334,1.1291669367909300
2726,1.1291669367909300
2620,1.1291669367909300
2064,1.1291669367909300
1831,1.1291669367909300
1900,1.1291669367909300
1336,1.1291669367909300
646,1.1291669367909300
2747,1.1291669367909300
855,1.1291669367909300
2464,1.1291669367909300
3253,1.1291669367909300
863,1.1291669367909300
2494,1.1291669367909300
74,1.1291669367909300
2495,1.1291669367909300
3096,1.1291669367909300
1502,1.1291669367909300
1537,1.1291669367909300
2463,1.1291669367909300
2612,1.1291669367909300
2880,1.1291669367909300
2579,1.1291669367909300
530,1.1291669367909300
2734,1.1291669367909300
1345,1.1291669367909300
3034,1.1291669367909300
440,1.1291669367909300
856,1.1291669367909300
2705,1.1291669367909300
353,1.1291669367909300
864,1.1291669367909300
2888,1.1291669367909300
2476,1.1291669367909300
1278,1.1291669367909300
75,1.1291669367909300
1465,1.1291669367909300
1335,1.1291669367909300
1464,1.1291669367909300
2621,1.1291669367909300
2260,1.1291669367909300
2261,1.1291669367909300
3042,1.1291669367909300
2583,1.1291669367909300
99,1.1291669367909300
2472,1.1291669367909300
1978,1.1291669367909300
2567,1.1291669367909300
1277,1.1291669367909300
1652,1.1291669367909300
859,1.1291669367909300
1510,1.1291669367909300
1164,1.1291669367909300
713,1.1291669367909300
2603,1.1291669367909300
3084,1.1291669367909300
2390,1.1291669367909300
1084,1.0668427876823400
347,1.0668427876823400
2325,1.0668427876823400
2192,1.0668427876823400
3351,1.0668427876823400
83,1.0668427876823400
1678,1.0668427876823400
1906,1.0668427876823400
491,1.0668427876823400
1431,1.0668427876823400
2175,1.0668427876823400
2361,1.0668427876823400
3374,1.0668427876823400
446,1.0668427876823400
348,1.0668427876823400
3274,1.0668427876823400
679,1.0668427876823400
1865,1.0668427876823400
1139,1.0668427876823400
1809,1.0668427876823400
1681,1.0668427876823400
28,1.0668427876823400
3105,1.0668427876823400
805,1.0668427876823400
319,1.0668427876823400
1576,1.0668427876823400
175,1.0668427876823400
2170,1.0668427876823400
1818,1.0668427876823400
2548,1.0668427876823400
1722,1.0668427876823400
614,1.0668427876823400
1153,1.0668427876823400
86,1.0668427876823400
349,1.0668427876823400
2883,1.0668427876823400
148,1.0668427876823400
2362,1.0668427876823400
1908,1.0668427876823400
2874,1.0668427876823400
1873,1.0668427876823400
1477,1.0668427876823400
2856,1.0668427876823400
1340,1.0668427876823400
2286,1.0668427876823400
1585,1.0668427876823400
910,1.0668427876823400
3104,1.0668427876823400
1874,1.0668427876823400
613,1.0668427876823400
678,1.0668427876823400
26,1.0668427876823400
1591,1.0668427876823400
2714,1.0668427876823400
3277,1.0668427876823400
1875,1.0668427876823400
3038,1.0668427876823400
3276,1.0668427876823400
3377,1.0668427876823400
3232,1.0668427876823400
800,1.0668427876823400
802,1.0668427876823400
2954,1.0668427876823400
2190,1.0668427876823400
3233,1.0668427876823400
2289,1.0668427876823400
3107,1.0668427876823400
2191,1.0668427876823400
1721,1.0668427876823400
1338,1.0668427876823400
318,1.0668427876823400
1592,1.0668427876823400
252,1.0668427876823400
251,1.0668427876823400
1229,1.0668427876823400
1437,1.0668427876823400
174,1.0668427876823400
1826,1.0668427876823400
2956,1.0668427876823400
2694,1.0668427876823400
2364,1.0668427876823400
33,1.0668427876823400
936,1.0668427876823400
2467,1.0668427876823400
1435,1.0668427876823400
2324,1.0668427876823400
27,1.0668427876823400
2855,1.0668427876823400
3375,1.0668427876823400
2168,1.0668427876823400
933,1.0668427876823400
1923,1.0668427876823400
31,1.0668427876823400
556,1.0668427876823400
476,1.0668427876823400
1817,1.0668427876823400
1879,1.0668427876823400
1101,1.0668427876823400
2169,1.0668427876823400
337,1.0668427876823400
2546,1.0668427876823400
1341,1.0668427876823400
2171,1.0668427876823400
339,1.0668427876823400
253,1.0668427876823400
250,1.0668427876823400
780,1.0668427876823400
1819,1.0668427876823400
1138,1.0668427876823400
48,1.0668427876823400
803,1.0668427876823400
1921,1.0668427876823400
146,1.0668427876823400
934,1.0668427876823400
2715,1.0668427876823400
2848,1.0668427876823400
781,1.0668427876823400
1882,1.0668427876823400
2853,1.0668427876823400
515,1.0668427876823400
2597,1.0668427876823400
1428,1.0668427876823400
1574,1.0668427876823400
474,1.0668427876823400
481,1.0668427876823400
1806,1.0668427876823400
2738,1.0668427876823400
1864,1.0668427876823400
516,1.0668427876823400
2176,1.0668427876823400
2884,1.0668427876823400
490,1.0668427876823400
2692,1.0668427876823400
2468,1.0668427876823400
1514,1.0668427876823400
2225,1.0668427876823400
2470,1.0668427876823400
336,1.0668427876823400
2469,1.0668427876823400
2849,1.0668427876823400
317,1.0668427876823400
1820,1.0668427876823400
568,1.0668427876823400
1589,1.0668427876823400
3110,1.0668427876823400
1719,1.0668427876823400
47,1.0668427876823400
492,1.0668427876823400
801,1.0668427876823400
1808,1.0668427876823400
338,1.0668427876823400
3109,1.0668427876823400
1155,1.0668427876823400
2886,1.0668427876823400
1922,1.0668427876823400
2178,1.0668427876823400
935,1.0668427876823400
1136,1.0668427876823400
173,1.0668427876823400
2288,1.0668427876823400
517,1.0668427876823400
2322,1.0668427876823400
2739,1.0668427876823400
1231,1.0668427876823400
482,1.0668427876823400
1573,1.0668427876823400
3039,1.0668427876823400
1232,1.0668427876823400
2885,1.0668427876823400
3394,1.0668427876823400
3040,1.0668427876823400
145,1.0668427876823400
25,1.0668427876823400
444,1.0668427876823400
475,1.0668427876823400
445,1.0668427876823400
1230,1.0668427876823400
493,1.0668427876823400
1827,1.0668427876823400
1880,1.0668427876823400
2691,1.0668427876823400
447,1.0668427876823400
3353,1.0668427876823400
1480,1.0668427876823400
1575,1.0668427876823400
2693,1.0668427876823400
350,1.0668427876823400
808,1.0668427876823400
1862,1.0668427876823400
3350,1.0668427876823400
84,1.0668427876823400
907,1.0668427876823400
2224,1.0668427876823400
2871,1.0668427876823400
1920,1.0668427876823400
616,1.0668427876823400
176,1.0668427876823400
477,1.0668427876823400
3108,1.0668427876823400
1863,1.0668427876823400
3275,1.0668427876823400
909,1.0668427876823400
3234,1.0668427876823400
565,1.0668427876823400
3037,1.0668427876823400
2846,1.0668427876823400
1087,1.0668427876823400
1679,1.0668427876823400
3392,1.0668427876823400
806,1.0668427876823400
807,1.0668427876823400
1584,1.0668427876823400
1586,1.0668427876823400
147,1.0668427876823400
1907,1.0668427876823400
1430,1.0668427876823400
2716,1.0668427876823400
2323,1.0668427876823400
3391,1.0668427876823400
1104,1.0668427876823400
30,1.0668427876823400
1825,1.0668427876823400
2600,1.0668427876823400
1680,1.0668427876823400
46,1.0668427876823400
2713,1.0668427876823400
1102,1.0668427876823400
1086,1.0668427876823400
2363,1.0668427876823400
567,1.0668427876823400
555,1.0668427876823400
2737,1.0668427876823400
1720,1.0668427876823400
1905,1.0668427876823400
480,1.0668427876823400
1438,1.0668427876823400
677,1.0668427876823400
1590,1.0668427876823400
566,1.0668427876823400
779,1.0668427876823400
3103,1.0668427876823400
479,1.0668427876823400
615,1.0668427876823400
1478,1.0668427876823400
1436,1.0668427876823400
2873,1.0668427876823400
2740,1.0668427876823400
1587,1.0668427876823400
1479,1.0668427876823400
554,1.0668427876823400
1512,1.0668427876823400
1513,1.0668427876823400
1137,1.0668427876823400
3393,1.0668427876823400
320,1.0668427876823400
2957,1.0668427876823400
514,1.0668427876823400
1807,1.0668427876823400
2854,1.0668427876823400
2872,1.0668427876823400
1828,1.0668427876823400
3231,1.0668427876823400
553,1.0668427876823400
782,1.0668427876823400
2599,1.0668427876823400
1515,1.0668427876823400
3102,1.0668427876823400
2847,1.0668427876823400
1154,1.0668427876823400
1152,1.0668427876823400
3352,1.0668427876823400
2189,1.0668427876823400
2287,1.0668427876823400
1339,1.0668427876823400
2549,1.0668427876823400
1881,1.0668427876823400
1872,1.0668427876823400
2226,1.0668427876823400
2955,1.0668427876823400
49,1.0668427876823400
1085,1.0668427876823400
2223,1.0668427876823400
2598,1.0668427876823400
3376,1.0668427876823400
2547,1.0668427876823400
32,1.0668427876823400
2177,1.0668427876823400
1429,1.0668427876823400
908,1.0668427876823400
85,1.0668427876823400
680,1.0668427876823400
1103,1.0668427876823400
1813,1.0294482982171900
2541,1.0294482982171900
1310,1.0294482982171900
3270,1.0294482982171900
836,1.0294482982171900
1674,1.0294482982171900
359,1.0294482982171900
1013,1.0294482982171900
360,1.0294482982171900
1608,1.0294482982171900
2641,1.0294482982171900
1117,1.0294482982171900
2151,1.0294482982171900
209,1.0294482982171900
2644,1.0294482982171900
2425,1.0294482982171900
633,1.0294482982171900
106,1.0294482982171900
3345,1.0294482982171900
2161,1.0294482982171900
913,1.0294482982171900
396,1.0294482982171900
497,1.0294482982171900
418,1.0294482982171900
391,1.0294482982171900
638,1.0294482982171900
426,1.0294482982171900
358,1.0294482982171900
940,1.0294482982171900
3346,1.0294482982171900
210,1.0294482982171900
1701,1.0294482982171900
642,1.0294482982171900
2163,1.0294482982171900
2540,1.0294482982171900
3348,1.0294482982171900
1563,1.0294482982171900
3347,1.0294482982171900
1025,1.0294482982171900
847,1.0294482982171900
2271,1.0294482982171900
181,1.0294482982171900
1727,1.0294482982171900
608,1.0294482982171900
2429,1.0294482982171900
1023,1.0294482982171900
2640,1.0294482982171900
1811,1.0294482982171900
1303,1.0294482982171900
484,1.0294482982171900
609,1.0294482982171900
641,1.0294482982171900
2316,1.0294482982171900
2430,1.0294482982171900
1812,1.0294482982171900
2274,1.0294482982171900
178,1.0294482982171900
2423,1.0294482982171900
1327,1.0294482982171900
495,1.0294482982171900
341,1.0294482982171900
3292,1.0294482982171900
1118,1.0294482982171900
3344,1.0294482982171900
422,1.0294482982171900
1302,1.0294482982171900
2118,1.0294482982171900
752,1.0294482982171900
2573,1.0294482982171900
1304,1.0294482982171900
2164,1.0294482982171900
3294,1.0294482982171900
470,1.0294482982171900
2649,1.0294482982171900
1699,1.0294482982171900
499,1.0294482982171900
2544,1.0294482982171900
750,1.0294482982171900
843,1.0294482982171900
1728,1.0294482982171900
629,1.0294482982171900
640,1.0294482982171900
3080,1.0294482982171900
751,1.0294482982171900
1248,1.0294482982171900
71,1.0294482982171900
1318,1.0294482982171900
1611,1.0294482982171900
841,1.0294482982171900
630,1.0294482982171900
3078,1.0294482982171900
1814,1.0294482982171900
1114,1.0294482982171900
424,1.0294482982171900
1019,1.0294482982171900
2153,1.0294482982171900
607,1.0294482982171900
1038,1.0294482982171900
748,1.0294482982171900
938,1.0294482982171900
1331,1.0294482982171900
392,1.0294482982171900
180,1.0294482982171900
1329,1.0294482982171900
1010,1.0294482982171900
427,1.0294482982171900
1317,1.0294482982171900
2155,1.0294482982171900
389,1.0294482982171900
1700,1.0294482982171900
3268,1.0294482982171900
2122,1.0294482982171900
2221,1.0294482982171900
916,1.0294482982171900
914,1.0294482982171900
1115,1.0294482982171900
844,1.0294482982171900
2273,1.0294482982171900
749,1.0294482982171900
1560,1.0294482982171900
3271,1.0294482982171900
632,1.0294482982171900
2572,1.0294482982171900
942,1.0294482982171900
2341,1.0294482982171900
1698,1.0294482982171900
917,1.0294482982171900
105,1.0294482982171900
104,1.0294482982171900
837,1.0294482982171900
395,1.0294482982171900
2431,1.0294482982171900
1675,1.0294482982171900
3074,1.0294482982171900
1309,1.0294482982171900
2432,1.0294482982171900
3272,1.0294482982171900
466,1.0294482982171900
1040,1.0294482982171900
344,1.0294482982171900
834,1.0294482982171900
1320,1.0294482982171900
1017,1.0294482982171900
208,1.0294482982171900
1319,1.0294482982171900
2648,1.0294482982171900
3293,1.0294482982171900
393,1.0294482982171900
1109,1.0294482982171900
496,1.0294482982171900
498,1.0294482982171900
1726,1.0294482982171900
2426,1.0294482982171900
2571,1.0294482982171900
2646,1.0294482982171900
3073,1.0294482982171900
488,1.0294482982171900
487,1.0294482982171900
399,1.0294482982171900
2121,1.0294482982171900
2220,1.0294482982171900
850,1.0294482982171900
846,1.0294482982171900
1011,1.0294482982171900
182,1.0294482982171900
1024,1.0294482982171900
639,1.0294482982171900
2343,1.0294482982171900
398,1.0294482982171900
3072,1.0294482982171900
3077,1.0294482982171900
939,1.0294482982171900
2120,1.0294482982171900
486,1.0294482982171900
1815,1.0294482982171900
2154,1.0294482982171900
1330,1.0294482982171900
2427,1.0294482982171900
1246,1.0294482982171900
2119,1.0294482982171900
420,1.0294482982171900
2272,1.0294482982171900
842,1.0294482982171900
2424,1.0294482982171900
419,1.0294482982171900
345,1.0294482982171900
849,1.0294482982171900
469,1.0294482982171900
1037,1.0294482982171900
2433,1.0294482982171900
69,1.0294482982171900
1306,1.0294482982171900
2265,1.0294482982171900
2320,1.0294482982171900
70,1.0294482982171900
3079,1.0294482982171900
1607,1.0294482982171900
2318,1.0294482982171900
2340,1.0294482982171900
1702,1.0294482982171900
3291,1.0294482982171900
3269,1.0294482982171900
1676,1.0294482982171900
2342,1.0294482982171900
3076,1.0294482982171900
838,1.0294482982171900
2270,1.0294482982171900
425,1.0294482982171900
1039,1.0294482982171900
2650,1.0294482982171900
610,1.0294482982171900
179,1.0294482982171900
1021,1.0294482982171900
1041,1.0294482982171900
1108,1.0294482982171900
1610,1.0294482982171900
485,1.0294482982171900
1249,1.0294482982171900
1110,1.0294482982171900
1724,1.0294482982171900
428,1.0294482982171900
1328,1.0294482982171900
1308,1.0294482982171900
848,1.0294482982171900
835,1.0294482982171900
467,1.0294482982171900
397,1.0294482982171900
1107,1.0294482982171900
631,1.0294482982171900
3071,1.0294482982171900
1673,1.0294482982171900
103,1.0294482982171900
1106,1.0294482982171900
343,1.0294482982171900
1321,1.0294482982171900
421,1.0294482982171900
1009,1.0294482982171900
102,1.0294482982171900
1561,1.0294482982171900
212,1.0294482982171900
211,1.0294482982171900
1609,1.0294482982171900
1015,1.0294482982171900
2570,1.0294482982171900
1012,1.0294482982171900
3070,1.0294482982171900
2642,1.0294482982171900
2319,1.0294482982171900
1116,1.0294482982171900
2542,1.0294482982171900
1562,1.0294482982171900
941,1.0294482982171900
342,1.0294482982171900
2217,1.0294482982171900
2165,1.0294482982171900
2317,1.0294482982171900
468,1.0294482982171900
1312,1.0294482982171900
68,1.0294482982171900
2643,1.0294482982171900
390,1.0294482982171900
2219,1.0294482982171900
2266,1.0294482982171900
1250,1.0294482982171900
1311,1.0294482982171900
2339,1.0294482982171900
915,1.0294482982171900
1022,1.0294482982171900
1564,1.0294482982171900
1672,1.0294482982171900
840,1.0294482982171900
2569,1.0294482982171900
2162,1.0294482982171900
2152,1.0294482982171900
2218,1.0294482982171900
357,1.0294482982171900
356,1.0294482982171900
2647,1.0294482982171900
1305,1.0294482982171900
1016,1.0294482982171900
2267,1.0294482982171900
1247,1.0294482982171900
611,1.0294482982171900
1725,1.0294482982171900
1018,1.0294482982171900
2268,1.0294482982171900
67,1.0294482982171900
3295,1.0294482982171900
2543,1.0294482982171900
2264,1.0294482982171900
3007,1.0045186385737500
1894,1.0045186385737500
1031,1.0045186385737500
1363,1.0045186385737500
759,1.0045186385737500
1035,1.0045186385737500
2555,1.0045186385737500
406,1.0045186385737500
2281,1.0045186385737500
2917,1.0045186385737500
362,1.0045186385737500
694,1.0045186385737500
543,1.0045186385737500
539,1.0045186385737500
1365,1.0045186385737500
2312,1.0045186385737500
1495,1.0045186385737500
2149,1.0045186385737500
2918,1.0045186385737500
2095,1.0045186385737500
560,1.0045186385737500
1889,1.0045186385737500
366,1.0045186385737500
2804,1.0045186385737500
763,1.0045186385737500
2551,1.0045186385737500
1856,1.0045186385737500
2146,1.0045186385737500
3261,1.0045186385737500
2311,1.0045186385737500
1367,1.0045186385737500
762,1.0045186385737500
2145,1.0045186385737500
2144,1.0045186385737500
3262,1.0045186385737500
2500,1.0045186385737500
2309,1.0045186385737500
2489,1.0045186385737500
459,1.0045186385737500
2284,1.0045186385737500
3265,1.0045186385737500
464,1.0045186385737500
1494,1.0045186385737500
403,1.0045186385737500
758,1.0045186385737500
2487,1.0045186385737500
1854,1.0045186385737500
2147,1.0045186385737500
2091,1.0045186385737500
1498,1.0045186385737500
1888,1.0045186385737500
1366,1.0045186385737500
2310,1.0045186385737500
322,1.0045186385737500
2499,1.0045186385737500
760,1.0045186385737500
2484,1.0045186385737500
1371,1.0045186385737500
1897,1.0045186385737500
1497,1.0045186385737500
1892,1.0045186385737500
691,1.0045186385737500
2553,1.0045186385737500
2313,1.0045186385737500
1374,1.0045186385737500
794,1.0045186385737500
1368,1.0045186385737500
1896,1.0045186385737500
402,1.0045186385737500
561,1.0045186385737500
2093,1.0045186385737500
1493,1.0045186385737500
2921,1.0045186385737500
544,1.0045186385737500
793,1.0045186385737500
2799,1.0045186385737500
1372,1.0045186385737500
1634,1.0045186385737500
1034,1.0045186385737500
1895,1.0045186385737500
1376,1.0045186385737500
323,1.0045186385737500
792,1.0045186385737500
1633,1.0045186385737500
1001,1.0045186385737500
460,1.0045186385737500
2092,1.0045186385737500
1632,1.0045186385737500
558,1.0045186385737500
326,1.0045186385737500
1556,1.0045186385737500
536,1.0045186385737500
1373,1.0045186385737500
2279,1.0045186385737500
791,1.0045186385737500
1555,1.0045186385737500
1004,1.0045186385737500
559,1.0045186385737500
2801,1.0045186385737500
692,1.0045186385737500
1496,1.0045186385737500
1858,1.0045186385737500
1003,1.0045186385737500
2802,1.0045186385737500
401,1.0045186385737500
461,1.0045186385737500
3264,1.0045186385737500
1375,1.0045186385737500
2800,1.0045186385737500
1890,1.0045186385737500
2498,1.0045186385737500
2486,1.0045186385737500
367,1.0045186385737500
547,1.0045186385737500
363,1.0045186385737500
2280,1.0045186385737500
3008,1.0045186385737500
1030,1.0045186385737500
3263,1.0045186385737500
1032,1.0045186385737500
364,1.0045186385737500
999,1.0045186385737500
562,1.0045186385737500
2314,1.0045186385737500
1893,1.0045186385737500
3260,1.0045186385737500
3006,1.0045186385737500
2920,1.0045186385737500
2919,1.0045186385737500
2283,1.0045186385737500
325,1.0045186385737500
2922,1.0045186385737500
1887,1.0045186385737500
537,1.0045186385737500
1635,1.0045186385737500
2488,1.0045186385737500
327,1.0045186385737500
1853,1.0045186385737500
689,1.0045186385737500
542,1.0045186385737500
1002,1.0045186385737500
3009,1.0045186385737500
2485,1.0045186385737500
1033,1.0045186385737500
2503,1.0045186385737500
1857,1.0045186385737500
545,1.0045186385737500
538,1.0045186385737500
690,1.0045186385737500
2552,1.0045186385737500
1554,1.0045186385737500
2501,1.0045186385737500
540,1.0045186385737500
2148,1.0045186385737500
365,1.0045186385737500
2556,1.0045186385737500
324,1.0045186385737500
795,1.0045186385737500
535,1.0045186385737500
1885,1.0045186385737500
1553,1.0045186385737500
2554,1.0045186385737500
1636,1.0045186385737500
404,1.0045186385737500
1855,1.0045186385737500
462,1.0045186385737500
563,1.0045186385737500
2803,1.0045186385737500
3004,1.0045186385737500
2282,1.0045186385737500
1364,1.0045186385737500
2094,1.0045186385737500
3005,1.0045186385737500
1631,1.0045186385737500
2502,1.0045186385737500
761,1.0045186385737500
463,1.0045186385737500
546,1.0045186385737500
1558,1.0045186385737500
693,1.0045186385737500
1886,1.0045186385737500
790,1.0045186385737500
405,1.0045186385737500
2096,1.0045186385737500
1000,1.0045186385737500
1557,1.0045186385737500
453,0.9867117388284430
988,0.9867117388284430
2070,0.9867117388284430
1187,0.9867117388284430
306,0.9867117388284430
1132,0.9867117388284430
219,0.9867117388284430
305,0.9867117388284430
1133,0.9867117388284430
1123,0.9867117388284430
1294,0.9867117388284430
1293,0.9867117388284430
1079,0.9867117388284430
3283,0.9867117388284430
3046,0.9867117388284430
1841,0.9867117388284430
1786,0.9867117388284430
2073,0.9867117388284430
1840,0.9867117388284430
3385,0.9867117388284430
1298,0.9867117388284430
1184,0.9867117388284430
1396,0.9867117388284430
3386,0.9867117388284430
1183,0.9867117388284430
990,0.9867117388284430
655,0.9867117388284430
1397,0.9867117388284430
1122,0.9867117388284430
1188,0.9867117388284430
1395,0.9867117388284430
1134,0.9867117388284430
1082,0.9867117388284430
451,0.9867117388284430
454,0.9867117388284430
215,0.9867117388284430
1128,0.9867117388284430
992,0.9867117388284430
3282,0.9867117388284430
1125,0.9867117388284430
1399,0.9867117388284430
827,0.9867117388284430
3284,0.9867117388284430
3049,0.9867117388284430
2071,0.9867117388284430
3388,0.9867117388284430
1185,0.9867117388284430
1078,0.9867117388284430
1129,0.9867117388284430
455,0.9867117388284430
3389,0.9867117388284430
303,0.9867117388284430
3052,0.9867117388284430
1838,0.9867117388284430
830,0.9867117388284430
301,0.9867117388284430
1839,0.9867117388284430
832,0.9867117388284430
214,0.9867117388284430
1295,0.9867117388284430
3384,0.9867117388284430
1401,0.9867117388284430
2072,0.9867117388284430
989,0.9867117388284430
991,0.9867117388284430
1297,0.9867117388284430
831,0.9867117388284430
1186,0.9867117388284430
1076,0.9867117388284430
1850,0.9867117388284430
994,0.9867117388284430
2068,0.9867117388284430
304,0.9867117388284430
3051,0.9867117388284430
1126,0.9867117388284430
217,0.9867117388284430
300,0.9867117388284430
658,0.9867117388284430
1400,0.9867117388284430
1791,0.9867117388284430
1785,0.9867117388284430
1788,0.9867117388284430
3050,0.9867117388284430
993,0.9867117388284430
1080,0.9867117388284430
659,0.9867117388284430
452,0.9867117388284430
1848,0.9867117388284430
1120,0.9867117388284430
1124,0.9867117388284430
1789,0.9867117388284430
1081,0.9867117388284430
1121,0.9867117388284430
653,0.9867117388284430
826,0.9867117388284430
828,0.9867117388284430
1787,0.9867117388284430
1299,0.9867117388284430
302,0.9867117388284430
3383,0.9867117388284430
1851,0.9867117388284430
1296,0.9867117388284430
1398,0.9867117388284430
1849,0.9867117388284430
2074,0.9867117388284430
2069,0.9867117388284430
3280,0.9867117388284430
3285,0.9867117388284430
456,0.9867117388284430
1077,0.9867117388284430
829,0.9867117388284430
3281,0.9867117388284430
656,0.9867117388284430
1130,0.9867117388284430
218,0.9867117388284430
1837,0.9867117388284430
457,0.9867117388284430
3279,0.9867117388284430
220,0.9867117388284430
1189,0.9867117388284430
1836,0.9867117388284430
216,0.9867117388284430
3048,0.9867117388284430
3387,0.9867117388284430
1790,0.9867117388284430
1131,0.9867117388284430
1835,0.9867117388284430
3047,0.9867117388284430
1847,0.9867117388284430
654,0.9867117388284430
657,0.9867117388284430
1845,0.9867117388284430
1846,0.9867117388284430
1053,0.9733565640194590
204,0.9733565640194590
2506,0.9733565640194590
1393,0.9733565640194590
3165,0.9733565640194590
2511,0.9733565640194590
2180,0.9733565640194590
3191,0.9733565640194590
3169,0.9733565640194590
259,0.9733565640194590
3164,0.9733565640194590
1710,0.9733565640194590
52,0.9733565640194590
2507,0.9733565640194590
587,0.9733565640194590
3337,0.9733565640194590
2412,0.9733565640194590
3400,0.9733565640194590
2689,0.9733565640194590
3338,0.9733565640194590
1457,0.9733565640194590
2509,0.9733565640194590
1285,0.9733565640194590
1517,0.9733565640194590
1058,0.9733565640194590
1062,0.9733565640194590
1709,0.9733565640194590
3340,0.9733565640194590
1387,0.9733565640194590
2505,0.9733565640194590
258,0.9733565640194590
3194,0.9733565640194590
1392,0.9733565640194590
3163,0.9733565640194590
1051,0.9733565640194590
2684,0.9733565640194590
1388,0.9733565640194590
202,0.9733565640194590
2687,0.9733565640194590
3166,0.9733565640194590
1282,0.9733565640194590
1386,0.9733565640194590
1049,0.9733565640194590
1518,0.9733565640194590
1235,0.9733565640194590
3189,0.9733565640194590
312,0.9733565640194590
257,0.9733565640194590
1047,0.9733565640194590
311,0.9733565640194590
1706,0.9733565640194590
313,0.9733565640194590
519,0.9733565640194590
2182,0.9733565640194590
1057,0.9733565640194590
1048,0.9733565640194590
1056,0.9733565640194590
200,0.9733565640194590
1456,0.9733565640194590
1240,0.9733565640194590
308,0.9733565640194590
3335,0.9733565640194590
1236,0.9733565640194590
3188,0.9733565640194590
2510,0.9733565640194590
201,0.9733565640194590
255,0.9733565640194590
2685,0.9733565640194590
1241,0.9733565640194590
1059,0.9733565640194590
2686,0.9733565640194590
1707,0.9733565640194590
3399,0.9733565640194590
3403,0.9733565640194590
260,0.9733565640194590
314,0.9733565640194590
3402,0.9733565640194590
582,0.9733565640194590
203,0.9733565640194590
2419,0.9733565640194590
1520,0.9733565640194590
1519,0.9733565640194590
57,0.9733565640194590
1522,0.9733565640194590
1451,0.9733565640194590
205,0.9733565640194590
1391,0.9733565640194590
521,0.9733565640194590
3339,0.9733565640194590
3336,0.9733565640194590
1390,0.9733565640194590
1046,0.9733565640194590
1280,0.9733565640194590
2187,0.9733565640194590
2683,0.9733565640194590
2415,0.9733565640194590
3398,0.9733565640194590
1050,0.9733565640194590
2183,0.9733565640194590
3168,0.9733565640194590
2688,0.9733565640194590
2508,0.9733565640194590
2185,0.9733565640194590
1389,0.9733565640194590
199,0.9733565640194590
583,0.9733565640194590
1450,0.9733565640194590
1713,0.9733565640194590
1234,0.9733565640194590
262,0.9733565640194590
2417,0.9733565640194590
1521,0.9733565640194590
3341,0.9733565640194590
1055,0.9733565640194590
589,0.9733565640194590
3190,0.9733565640194590
1452,0.9733565640194590
53,0.9733565640194590
3401,0.9733565640194590
523,0.9733565640194590
1286,0.9733565640194590
2181,0.9733565640194590
1239,0.9733565640194590
1061,0.9733565640194590
206,0.9733565640194590
3342,0.9733565640194590
261,0.9733565640194590
584,0.9733565640194590
1455,0.9733565640194590
3397,0.9733565640194590
315,0.9733565640194590
586,0.9733565640194590
3192,0.9733565640194590
58,0.9733565640194590
3195,0.9733565640194590
2413,0.9733565640194590
1454,0.9733565640194590
588,0.9733565640194590
2186,0.9733565640194590
1287,0.9733565640194590
51,0.9733565640194590
1708,0.9733565640194590
3170,0.9733565640194590
3167,0.9733565640194590
56,0.9733565640194590
2682,0.9733565640194590
585,0.9733565640194590
2416,0.9733565640194590
526,0.9733565640194590
2418,0.9733565640194590
1281,0.9733565640194590
1524,0.9733565640194590
3193,0.9733565640194590
1711,0.9733565640194590
520,0.9733565640194590
1523,0.9733565640194590
1060,0.9733565640194590
524,0.9733565640194590
310,0.9733565640194590
1453,0.9733565640194590
1237,0.9733565640194590
256,0.9733565640194590
2184,0.9733565640194590
54,0.9733565640194590
1052,0.9733565640194590
2414,0.9733565640194590
309,0.9733565640194590
1284,0.9733565640194590
3396,0.9733565640194590
2512,0.9733565640194590
525,0.9733565640194590
1238,0.9733565640194590
1283,0.9733565640194590
1712,0.9733565640194590
55,0.9733565640194590
522,0.9733565640194590
1780,0.9629692058346940
2351,0.9629692058346940
1550,0.9629692058346940
1144,0.9629692058346940
95,0.9629692058346940
436,0.9629692058346940
959,0.9629692058346940
961,0.9629692058346940
2588,0.9629692058346940
2867,0.9629692058346940
2591,0.9629692058346940
2352,0.9629692058346940
2132,0.9629692058346940
1911,0.9629692058346940
1545,0.9629692058346940
2054,0.9629692058346940
2053,0.9629692058346940
958,0.9629692058346940
435,0.9629692058346940
88,0.9629692058346940
1448,0.9629692058346940
1141,0.9629692058346940
504,0.9629692058346940
1781,0.9629692058346940
2058,0.9629692058346940
1530,0.9629692058346940
960,0.9629692058346940
2051,0.9629692058346940
2863,0.9629692058346940
512,0.9629692058346940
434,0.9629692058346940
96,0.9629692058346940
1551,0.9629692058346940
1918,0.9629692058346940
507,0.9629692058346940
2128,0.9629692058346940
1534,0.9629692058346940
1547,0.9629692058346940
2209,0.9629692058346940
1543,0.9629692058346940
2590,0.9629692058346940
409,0.9629692058346940
2056,0.9629692058346940
2050,0.9629692058346940
2212,0.9629692058346940
1783,0.9629692058346940
2354,0.9629692058346940
2869,0.9629692058346940
1142,0.9629692058346940
1149,0.9629692058346940
2210,0.9629692058346940
508,0.9629692058346940
2127,0.9629692058346940
1914,0.9629692058346940
1777,0.9629692058346940
2356,0.9629692058346940
411,0.9629692058346940
963,0.9629692058346940
1529,0.9629692058346940
1776,0.9629692058346940
90,0.9629692058346940
2358,0.9629692058346940
1440,0.9629692058346940
1910,0.9629692058346940
962,0.9629692058346940
438,0.9629692058346940
1146,0.9629692058346940
437,0.9629692058346940
89,0.9629692058346940
1447,0.9629692058346940
1775,0.9629692058346940
1913,0.9629692058346940
2357,0.9629692058346940
1546,0.9629692058346940
1446,0.9629692058346940
1779,0.9629692058346940
1442,0.9629692058346940
2592,0.9629692058346940
2864,0.9629692058346940
2125,0.9629692058346940
2355,0.9629692058346940
412,0.9629692058346940
2589,0.9629692058346940
2208,0.9629692058346940
416,0.9629692058346940
2353,0.9629692058346940
1148,0.9629692058346940
2594,0.9629692058346940
93,0.9629692058346940
2052,0.9629692058346940
2206,0.9629692058346940
1532,0.9629692058346940
432,0.9629692058346940
2868,0.9629692058346940
1443,0.9629692058346940
2055,0.9629692058346940
1915,0.9629692058346940
1549,0.9629692058346940
431,0.9629692058346940
1778,0.9629692058346940
2207,0.9629692058346940
1147,0.9629692058346940
1527,0.9629692058346940
1782,0.9629692058346940
92,0.9629692058346940
430,0.9629692058346940
2130,0.9629692058346940
91,0.9629692058346940
511,0.9629692058346940
2057,0.9629692058346940
2350,0.9629692058346940
964,0.9629692058346940
1441,0.9629692058346940
2131,0.9629692058346940
2593,0.9629692058346940
1912,0.9629692058346940
510,0.9629692058346940
2861,0.9629692058346940
1917,0.9629692058346940
1544,0.9629692058346940
1445,0.9629692058346940
94,0.9629692058346940
2587,0.9629692058346940
2865,0.9629692058346940
506,0.9629692058346940
1531,0.9629692058346940
415,0.9629692058346940
1916,0.9629692058346940
1548,0.9629692058346940
2213,0.9629692058346940
965,0.9629692058346940
1528,0.9629692058346940
957,0.9629692058346940
509,0.9629692058346940
1533,0.9629692058346940
1145,0.9629692058346940
2129,0.9629692058346940
410,0.9629692058346940
1143,0.9629692058346940
408,0.9629692058346940
2214,0.9629692058346940
505,0.9629692058346940
2866,0.9629692058346940
2862,0.9629692058346940
2124,0.9629692058346940
433,0.9629692058346940
2595,0.9629692058346940
413,0.9629692058346940
414,0.9629692058346940
2126,0.9629692058346940
1526,0.9629692058346940
2211,0.9629692058346940
1444,0.9629692058346940
1641,0.9546593192868820
4,0.9546593192868820
2819,0.9546593192868820
245,0.9546593192868820
1268,0.9546593192868820
1483,0.9546593192868820
1265,0.9546593192868820
738,0.9546593192868820
2818,0.9546593192868820
1642,0.9546593192868820
2449,0.9546593192868820
627,0.9546593192868820
2447,0.9546593192868820
2446,0.9546593192868820
8,0.9546593192868820
2441,0.9546593192868820
1266,0.9546593192868820
1948,0.9546593192868820
1267,0.9546593192868820
1644,0.9546593192868820
1274,0.9546593192868820
953,0.9546593192868820
248,0.9546593192868820
244,0.9546593192868820
951,0.9546593192868820
1648,0.9546593192868820
9,0.9546593192868820
2992,0.9546593192868820
3,0.9546593192868820
1484,0.9546593192868820
1269,0.9546593192868820
2445,0.9546593192868820
2813,0.9546593192868820
1640,0.9546593192868820
746,0.9546593192868820
2990,0.9546593192868820
2996,0.9546593192868820
1645,0.9546593192868820
246,0.9546593192868820
2991,0.9546593192868820
241,0.9546593192868820
1951,0.9546593192868820
737,0.9546593192868820
1956,0.9546593192868820
2999,0.9546593192868820
10,0.9546593192868820
624,0.9546593192868820
1950,0.9546593192868820
1954,0.9546593192868820
1646,0.9546593192868820
625,0.9546593192868820
2816,0.9546593192868820
1647,0.9546593192868820
741,0.9546593192868820
7,0.9546593192868820
1488,0.9546593192868820
1271,0.9546593192868820
744,0.9546593192868820
952,0.9546593192868820
618,0.9546593192868820
622,0.9546593192868820
743,0.9546593192868820
6,0.9546593192868820
620,0.9546593192868820
1643,0.9546593192868820
1487,0.9546593192868820
242,0.9546593192868820
1953,0.9546593192868820
1952,0.9546593192868820
2814,0.9546593192868820
1486,0.9546593192868820
948,0.9546593192868820
2444,0.9546593192868820
240,0.9546593192868820
247,0.9546593192868820
2442,0.9546593192868820
1489,0.9546593192868820
1649,0.9546593192868820
1485,0.9546593192868820
1491,0.9546593192868820
1955,0.9546593192868820
949,0.9546593192868820
11,0.9546593192868820
1949,0.9546593192868820
740,0.9546593192868820
742,0.9546593192868820
1270,0.9546593192868820
950,0.9546593192868820
2811,0.9546593192868820
2994,0.9546593192868820
5,0.9546593192868820
2,0.9546593192868820
946,0.9546593192868820
108,0.9546593192868820
1482,0.9546593192868820
623,0.9546593192868820
954,0.9546593192868820
621,0.9546593192868820
626,0.9546593192868820
2448,0.9546593192868820
243,0.9546593192868820
2993,0.9546593192868820
239,0.9546593192868820
2998,0.9546593192868820
2995,0.9546593192868820
2443,0.9546593192868820
1272,0.9546593192868820
2810,0.9546593192868820
1273,0.9546593192868820
745,0.9546593192868820
955,0.9546593192868820
2997,0.9546593192868820
2812,0.9546593192868820
2817,0.9546593192868820
2440,0.9546593192868820
947,0.9546593192868820
2815,0.9546593192868820
619,0.9546593192868820
739,0.9546593192868820
1490,0.9546593192868820
1800,0.9478603212023090
2200,0.9478603212023090
2837,0.9478603212023090
3328,0.9478603212023090
3323,0.9478603212023090
2080,0.9478603212023090
922,0.9478603212023090
1795,0.9478603212023090
2079,0.9478603212023090
2005,0.9478603212023090
2629,0.9478603212023090
1092,0.9478603212023090
2194,0.9478603212023090
3022,0.9478603212023090
1095,0.9478603212023090
1253,0.9478603212023090
1802,0.9478603212023090
18,0.9478603212023090
20,0.9478603212023090
924,0.9478603212023090
3244,0.9478603212023090
2203,0.9478603212023090
2196,0.9478603212023090
580,0.9478603212023090
3325,0.9478603212023090
17,0.9478603212023090
2632,0.9478603212023090
1801,0.9478603212023090
2836,0.9478603212023090
2088,0.9478603212023090
571,0.9478603212023090
3243,0.9478603212023090
2197,0.9478603212023090
1178,0.9478603212023090
2633,0.9478603212023090
1171,0.9478603212023090
2835,0.9478603212023090
3021,0.9478603212023090
1258,0.9478603212023090
2637,0.9478603212023090
2001,0.9478603212023090
1089,0.9478603212023090
3327,0.9478603212023090
921,0.9478603212023090
3329,0.9478603212023090
2085,0.9478603212023090
3241,0.9478603212023090
1090,0.9478603212023090
1411,0.9478603212023090
1094,0.9478603212023090
2201,0.9478603212023090
2204,0.9478603212023090
1263,0.9478603212023090
927,0.9478603212023090
2635,0.9478603212023090
2002,0.9478603212023090
14,0.9478603212023090
3240,0.9478603212023090
2838,0.9478603212023090
2634,0.9478603212023090
1262,0.9478603212023090
23,0.9478603212023090
1177,0.9478603212023090
1257,0.9478603212023090
2000,0.9478603212023090
1408,0.9478603212023090
575,0.9478603212023090
2630,0.9478603212023090
1173,0.9478603212023090
1256,0.9478603212023090
3028,0.9478603212023090
1260,0.9478603212023090
3023,0.9478603212023090
576,0.9478603212023090
22,0.9478603212023090
1261,0.9478603212023090
579,0.9478603212023090
2636,0.9478603212023090
1174,0.9478603212023090
3246,0.9478603212023090
16,0.9478603212023090
1412,0.9478603212023090
2084,0.9478603212023090
3247,0.9478603212023090
2834,0.9478603212023090
3026,0.9478603212023090
1403,0.9478603212023090
570,0.9478603212023090
1410,0.9478603212023090
1176,0.9478603212023090
1098,0.9478603212023090
2198,0.9478603212023090
1405,0.9478603212023090
1407,0.9478603212023090
3018,0.9478603212023090
1175,0.9478603212023090
2004,0.9478603212023090
1413,0.9478603212023090
1181,0.9478603212023090
1799,0.9478603212023090
573,0.9478603212023090
3321,0.9478603212023090
1794,0.9478603212023090
2839,0.9478603212023090
1259,0.9478603212023090
1803,0.9478603212023090
2199,0.9478603212023090
3319,0.9478603212023090
2202,0.9478603212023090
3024,0.9478603212023090
3324,0.9478603212023090
2195,0.9478603212023090
1406,0.9478603212023090
1997,0.9478603212023090
2627,0.9478603212023090
1796,0.9478603212023090
1996,0.9478603212023090
3019,0.9478603212023090
3322,0.9478603212023090
2628,0.9478603212023090
2840,0.9478603212023090
925,0.9478603212023090
928,0.9478603212023090
1998,0.9478603212023090
1091,0.9478603212023090
2083,0.9478603212023090
15,0.9478603212023090
3239,0.9478603212023090
1180,0.9478603212023090
2831,0.9478603212023090
3238,0.9478603212023090
1255,0.9478603212023090
21,0.9478603212023090
577,0.9478603212023090
1404,0.9478603212023090
2081,0.9478603212023090
929,0.9478603212023090
1099,0.9478603212023090
919,0.9478603212023090
1172,0.9478603212023090
572,0.9478603212023090
3025,0.9478603212023090
923,0.9478603212023090
3020,0.9478603212023090
574,0.9478603212023090
1804,0.9478603212023090
2631,0.9478603212023090
920,0.9478603212023090
3242,0.9478603212023090
1999,0.9478603212023090
13,0.9478603212023090
3027,0.9478603212023090
2082,0.9478603212023090
1995,0.9478603212023090
1097,0.9478603212023090
1409,0.9478603212023090
1096,0.9478603212023090
3320,0.9478603212023090
2089,0.9478603212023090
3245,0.9478603212023090
2086,0.9478603212023090
1797,0.9478603212023090
19,0.9478603212023090
926,0.9478603212023090
1254,0.9478603212023090
2832,0.9478603212023090
1179,0.9478603212023090
2833,0.9478603212023090
578,0.9478603212023090
3326,0.9478603212023090
1798,0.9478603212023090
2087,0.9478603212023090
3237,0.9478603212023090
2841,0.9478603212023090
1093,0.9478603212023090
2003,0.9478603212023090
1596,0.9421944894651640
1670,0.9421944894651640
1216,0.9421944894651640
817,0.9421944894651640
1663,0.9421944894651640
2756,0.9421944894651640
2774,0.9421944894651640
2780,0.9421944894651640
2760,0.9421944894651640
2757,0.9421944894651640
1358,0.9421944894651640
1224,0.9421944894651640
1351,0.9421944894651640
1223,0.9421944894651640
815,0.9421944894651640
1597,0.9421944894651640
1602,0.9421944894651640
2770,0.9421944894651640
1605,0.9421944894651640
1221,0.9421944894651640
1659,0.9421944894651640
1600,0.9421944894651640
2759,0.9421944894651640
2773,0.9421944894651640
1662,0.9421944894651640
1349,0.9421944894651640
2779,0.9421944894651640
2765,0.9421944894651640
2771,0.9421944894651640
1355,0.9421944894651640
810,0.9421944894651640
1601,0.9421944894651640
2778,0.9421944894651640
1594,0.9421944894651640
1599,0.9421944894651640
813,0.9421944894651640
1667,0.9421944894651640
2758,0.9421944894651640
2762,0.9421944894651640
1225,0.9421944894651640
1218,0.9421944894651640
1356,0.9421944894651640
821,0.9421944894651640
1603,0.9421944894651640
1222,0.9421944894651640
812,0.9421944894651640
1227,0.9421944894651640
1660,0.9421944894651640
1350,0.9421944894651640
1219,0.9421944894651640
814,0.9421944894651640
2767,0.9421944894651640
1353,0.9421944894651640
2763,0.9421944894651640
820,0.9421944894651640
2777,0.9421944894651640
1666,0.9421944894651640
1669,0.9421944894651640
816,0.9421944894651640
1604,0.9421944894651640
2764,0.9421944894651640
1661,0.9421944894651640
1226,0.9421944894651640
1347,0.9421944894651640
1354,0.9421944894651640
818,0.9421944894651640
1220,0.9421944894651640
1352,0.9421944894651640
2761,0.9421944894651640
1595,0.9421944894651640
2766,0.9421944894651640
1217,0.9421944894651640
1664,0.9421944894651640
819,0.9421944894651640
2772,0.9421944894651640
1598,0.9421944894651640
1668,0.9421944894651640
1348,0.9421944894651640
1357,0.9421944894651640
2775,0.9421944894651640
2776,0.9421944894651640
1665,0.9421944894651640
2769,0.9421944894651640
811,0.9421944894651640
2787,0.9374003241491190
735,0.9374003241491190
2790,0.9374003241491190
734,0.9374003241491190
3140,0.9374003241491190
874,0.9374003241491190
3061,0.9374003241491190
601,0.9374003241491190
1750,0.9374003241491190
3067,0.9374003241491190
770,0.9374003241491190
3137,0.9374003241491190
2672,0.9374003241491190
3132,0.9374003241491190
767,0.9374003241491190
3062,0.9374003241491190
2795,0.9374003241491190
2788,0.9374003241491190
2785,0.9374003241491190
775,0.9374003241491190
3063,0.9374003241491190
600,0.9374003241491190
773,0.9374003241491190
3057,0.9374003241491190
726,0.9374003241491190
872,0.9374003241491190
877,0.9374003241491190
1751,0.9374003241491190
765,0.9374003241491190
596,0.9374003241491190
599,0.9374003241491190
869,0.9374003241491190
3131,0.9374003241491190
1743,0.9374003241491190
729,0.9374003241491190
2667,0.9374003241491190
1747,0.9374003241491190
776,0.9374003241491190
731,0.9374003241491190
3056,0.9374003241491190
774,0.9374003241491190
595,0.9374003241491190
597,0.9374003241491190
867,0.9374003241491190
3065,0.9374003241491190
1741,0.9374003241491190
732,0.9374003241491190
1742,0.9374003241491190
1746,0.9374003241491190
593,0.9374003241491190
868,0.9374003241491190
3059,0.9374003241491190
594,0.9374003241491190
724,0.9374003241491190
3066,0.9374003241491190
3139,0.9374003241491190
603,0.9374003241491190
1749,0.9374003241491190
2669,0.9374003241491190
727,0.9374003241491190
3133,0.9374003241491190
2671,0.9374003241491190
2666,0.9374003241491190
2673,0.9374003241491190
876,0.9374003241491190
2789,0.9374003241491190
3068,0.9374003241491190
2674,0.9374003241491190
1753,0.9374003241491190
1752,0.9374003241491190
3130,0.9374003241491190
771,0.9374003241491190
3058,0.9374003241491190
3135,0.9374003241491190
723,0.9374003241491190
3142,0.9374003241491190
2793,0.9374003241491190
1744,0.9374003241491190
772,0.9374003241491190
878,0.9374003241491190
592,0.9374003241491190
2792,0.9374003241491190
3060,0.9374003241491190
2668,0.9374003241491190
2678,0.9374003241491190
3064,0.9374003241491190
733,0.9374003241491190
769,0.9374003241491190
2791,0.9374003241491190
591,0.9374003241491190
768,0.9374003241491190
871,0.9374003241491190
1748,0.9374003241491190
870,0.9374003241491190
777,0.9374003241491190
2677,0.9374003241491190
2786,0.9374003241491190
3136,0.9374003241491190
2675,0.9374003241491190
602,0.9374003241491190
730,0.9374003241491190
3134,0.9374003241491190
1745,0.9374003241491190
875,0.9374003241491190
3138,0.9374003241491190
598,0.9374003241491190
2670,0.9374003241491190
728,0.9374003241491190
2676,0.9374003241491190
2796,0.9374003241491190
2784,0.9374003241491190
766,0.9374003241491190
866,0.9374003241491190
725,0.9374003241491190
2794,0.9374003241491190
873,0.9374003241491190
3141,0.9374003241491190
667,0.9332910395925080
1202,0.9332910395925080
196,0.9332910395925080
3118,0.9332910395925080
1688,0.9332910395925080
671,0.9332910395925080
1981,0.9332910395925080
1205,0.9332910395925080
2930,0.9332910395925080
1207,0.9332910395925080
1988,0.9332910395925080
1196,0.9332910395925080
699,0.9332910395925080
3121,0.9332910395925080
1206,0.9332910395925080
1201,0.9332910395925080
698,0.9332910395925080
1693,0.9332910395925080
190,0.9332910395925080
188,0.9332910395925080
1685,0.9332910395925080
1695,0.9332910395925080
3122,0.9332910395925080
1980,0.9332910395925080
3127,0.9332910395925080
2925,0.9332910395925080
1692,0.9332910395925080
669,0.9332910395925080
1684,0.9332910395925080
1194,0.9332910395925080
195,0.9332910395925080
1689,0.9332910395925080
3123,0.9332910395925080
672,0.9332910395925080
1200,0.9332910395925080
662,0.9332910395925080
1982,0.9332910395925080
663,0.9332910395925080
2936,0.9332910395925080
1197,0.9332910395925080
1990,0.9332910395925080
3115,0.9332910395925080
703,0.9332910395925080
2931,0.9332910395925080
1195,0.9332910395925080
1198,0.9332910395925080
187,0.9332910395925080
665,0.9332910395925080
3114,0.9332910395925080
674,0.9332910395925080
2935,0.9332910395925080
2934,0.9332910395925080
185,0.9332910395925080
184,0.9332910395925080
191,0.9332910395925080
1986,0.9332910395925080
668,0.9332910395925080
3117,0.9332910395925080
1694,0.9332910395925080
1687,0.9332910395925080
664,0.9332910395925080
675,0.9332910395925080
1690,0.9332910395925080
197,0.9332910395925080
2928,0.9332910395925080
702,0.9332910395925080
1987,0.9332910395925080
1992,0.9332910395925080
3116,0.9332910395925080
2926,0.9332910395925080
1691,0.9332910395925080
670,0.9332910395925080
709,0.9332910395925080
700,0.9332910395925080
1989,0.9332910395925080
1199,0.9332910395925080
701,0.9332910395925080
1984,0.9332910395925080
193,0.9332910395925080
707,0.9332910395925080
1203,0.9332910395925080
1686,0.9332910395925080
697,0.9332910395925080
3119,0.9332910395925080
3125,0.9332910395925080
2932,0.9332910395925080
704,0.9332910395925080
1983,0.9332910395925080
2927,0.9332910395925080
666,0.9332910395925080
1991,0.9332910395925080
706,0.9332910395925080
2933,0.9332910395925080
1985,0.9332910395925080
192,0.9332910395925080
696,0.9332910395925080
2929,0.9332910395925080
2924,0.9332910395925080
3124,0.9332910395925080
194,0.9332910395925080
2937,0.9332910395925080
708,0.9332910395925080
673,0.9332910395925080
3120,0.9332910395925080
3126,0.9332910395925080
1696,0.9332910395925080
705,0.9332910395925080
189,0.9332910395925080
1683,0.9332910395925080
186,0.9332910395925080
1204,0.9332910395925080
1993,0.9332910395925080
266,0.9297296596434460
2398,0.9297296596434460
2297,0.9297296596434460
3357,0.9297296596434460
3360,0.9297296596434460
897,0.9297296596434460
2113,0.9297296596434460
274,0.9297296596434460
891,0.9297296596434460
2300,0.9297296596434460
2295,0.9297296596434460
268,0.9297296596434460
2301,0.9297296596434460
3366,0.9297296596434460
2304,0.9297296596434460
902,0.9297296596434460
2296,0.9297296596434460
273,0.9297296596434460
899,0.9297296596434460
895,0.9297296596434460
898,0.9297296596434460
2407,0.9297296596434460
2408,0.9297296596434460
2106,0.9297296596434460
278,0.9297296596434460
3361,0.9297296596434460
2405,0.9297296596434460
2108,0.9297296596434460
2116,0.9297296596434460
3364,0.9297296596434460
2306,0.9297296596434460
271,0.9297296596434460
2107,0.9297296596434460
3365,0.9297296596434460
2299,0.9297296596434460
894,0.9297296596434460
270,0.9297296596434460
2105,0.9297296596434460
2406,0.9297296596434460
901,0.9297296596434460
3358,0.9297296596434460
2403,0.9297296596434460
277,0.9297296596434460
3368,0.9297296596434460
3363,0.9297296596434460
2404,0.9297296596434460
900,0.9297296596434460
904,0.9297296596434460
2104,0.9297296596434460
2400,0.9297296596434460
276,0.9297296596434460
2293,0.9297296596434460
269,0.9297296596434460
2103,0.9297296596434460
2111,0.9297296596434460
2112,0.9297296596434460
2114,0.9297296596434460
893,0.9297296596434460
3362,0.9297296596434460
2396,0.9297296596434460
2298,0.9297296596434460
2394,0.9297296596434460
2294,0.9297296596434460
892,0.9297296596434460
2109,0.9297296596434460
3356,0.9297296596434460
2115,0.9297296596434460
2303,0.9297296596434460
3359,0.9297296596434460
3369,0.9297296596434460
903,0.9297296596434460
2102,0.9297296596434460
272,0.9297296596434460
3355,0.9297296596434460
2305,0.9297296596434460
2397,0.9297296596434460
2110,0.9297296596434460
275,0.9297296596434460
267,0.9297296596434460
905,0.9297296596434460
896,0.9297296596434460
2302,0.9297296596434460
2402,0.9297296596434460
3367,0.9297296596434460
265,0.9297296596434460
2401,0.9297296596434460
2307,0.9297296596434460
2399,0.9297296596434460
264,0.9297296596434460
2395,0.9297296596434460
291,0.9266134521880160
288,0.9266134521880160
3148,0.9266134521880160
3156,0.9266134521880160
3151,0.9266134521880160
294,0.9266134521880160
232,0.9266134521880160
296,0.9266134521880160
229,0.9266134521880160
227,0.9266134521880160
226,0.9266134521880160
228,0.9266134521880160
292,0.9266134521880160
285,0.9266134521880160
3152,0.9266134521880160
287,0.9266134521880160
3150,0.9266134521880160
237,0.9266134521880160
3157,0.9266134521880160
284,0.9266134521880160
222,0.9266134521880160
3144,0.9266134521880160
3155,0.9266134521880160
293,0.9266134521880160
3146,0.9266134521880160
236,0.9266134521880160
298,0.9266134521880160
283,0.9266134521880160
3145,0.9266134521880160
295,0.9266134521880160
234,0.9266134521880160
297,0.9266134521880160
235,0.9266134521880160
3149,0.9266134521880160
231,0.9266134521880160
223,0.9266134521880160
289,0.9266134521880160
230,0.9266134521880160
233,0.9266134521880160
3158,0.9266134521880160
224,0.9266134521880160
290,0.9266134521880160
3154,0.9266134521880160
3147,0.9266134521880160
286,0.9266134521880160
3159,0.9266134521880160
225,0.9266134521880160
3153,0.9266134521880160
2021,0.9238638573744020
2017,0.9238638573744020
1623,0.9238638573744020
2518,0.9238638573744020
2527,0.9238638573744020
1622,0.9238638573744020
1618,0.9238638573744020
1616,0.9238638573744020
2036,0.9238638573744020
1625,0.9238638573744020
2531,0.9238638573744020
1629,0.9238638573744020
1627,0.9238638573744020
2014,0.9238638573744020
2521,0.9238638573744020
2522,0.9238638573744020
2530,0.9238638573744020
2020,0.9238638573744020
1624,0.9238638573744020
2019,0.9238638573744020
2026,0.9238638573744020
1620,0.9238638573744020
2523,0.9238638573744020
2532,0.9238638573744020
2526,0.9238638573744020
1617,0.9238638573744020
2042,0.9238638573744020
2046,0.9238638573744020
2024,0.9238638573744020
1615,0.9238638573744020
2013,0.9238638573744020
1621,0.9238638573744020
2040,0.9238638573744020
2034,0.9238638573744020
2528,0.9238638573744020
2023,0.9238638573744020
2043,0.9238638573744020
2047,0.9238638573744020
2524,0.9238638573744020
2533,0.9238638573744020
2032,0.9238638573744020
2027,0.9238638573744020
2035,0.9238638573744020
2025,0.9238638573744020
2041,0.9238638573744020
2519,0.9238638573744020
1619,0.9238638573744020
1614,0.9238638573744020
2037,0.9238638573744020
2018,0.9238638573744020
1613,0.9238638573744020
2525,0.9238638573744020
2520,0.9238638573744020
2517,0.9238638573744020
2529,0.9238638573744020
2031,0.9238638573744020
2033,0.9238638573744020
1626,0.9238638573744020
2022,0.9238638573744020
2015,0.9238638573744020
2016,0.9238638573744020
2028,0.9238638573744020
2039,0.9238638573744020
2045,0.9238638573744020
2038,0.9238638573744020
2029,0.9238638573744020
2044,0.9238638573744020
1628,0.9238638573744020
2904,0.9192329608462100
2912,0.9192329608462100
2909,0.9192329608462100
379,0.9192329608462100
1755,0.9192329608462100
1769,0.9192329608462100
2906,0.9192329608462100
1771,0.9192329608462100
2907,0.9192329608462100
373,0.9192329608462100
369,0.9192329608462100
372,0.9192329608462100
1766,0.9192329608462100
378,0.9192329608462100
2908,0.9192329608462100
2895,0.9192329608462100
1773,0.9192329608462100
383,0.9192329608462100
374,0.9192329608462100
1761,0.9192329608462100
387,0.9192329608462100
1762,0.9192329608462100
371,0.9192329608462100
1767,0.9192329608462100
1764,0.9192329608462100
2903,0.9192329608462100
386,0.9192329608462100
2911,0.9192329608462100
1758,0.9192329608462100
2905,0.9192329608462100
385,0.9192329608462100
2900,0.9192329608462100
377,0.9192329608462100
1759,0.9192329608462100
370,0.9192329608462100
2898,0.9192329608462100
2901,0.9192329608462100
1772,0.9192329608462100
376,0.9192329608462100
2896,0.9192329608462100
2894,0.9192329608462100
1760,0.9192329608462100
375,0.9192329608462100
2897,0.9192329608462100
2910,0.9192329608462100
2902,0.9192329608462100
1768,0.9192329608462100
2899,0.9192329608462100
1756,0.9192329608462100
1757,0.9192329608462100
381,0.9192329608462100
1770,0.9192329608462100
380,0.9192329608462100
1763,0.9192329608462100
1765,0.9192329608462100
382,0.9192329608462100
384,0.9192329608462100
2235,0.9172648298217280
2239,0.9172648298217280
2251,0.9172648298217280
2366,0.9172648298217280
981,0.9172648298217280
2245,0.9172648298217280
978,0.9172648298217280
2242,0.9172648298217280
2234,0.9172648298217280
2250,0.9172648298217280
2370,0.9172648298217280
984,0.9172648298217280
2374,0.9172648298217280
2241,0.9172648298217280
2380,0.9172648298217280
970,0.9172648298217280
980,0.9172648298217280
2237,0.9172648298217280
2253,0.9172648298217280
967,0.9172648298217280
2378,0.9172648298217280
973,0.9172648298217280
2236,0.9172648298217280
2375,0.9172648298217280
2379,0.9172648298217280
2243,0.9172648298217280
979,0.9172648298217280
2371,0.9172648298217280
2372,0.9172648298217280
974,0.9172648298217280
2238,0.9172648298217280
968,0.9172648298217280
2246,0.9172648298217280
2247,0.9172648298217280
2368,0.9172648298217280
2367,0.9172648298217280
977,0.9172648298217280
975,0.9172648298217280
969,0.9172648298217280
2244,0.9172648298217280
986,0.9172648298217280
2383,0.9172648298217280
2377,0.9172648298217280
2385,0.9172648298217280
976,0.9172648298217280
971,0.9172648298217280
983,0.9172648298217280
2248,0.9172648298217280
985,0.9172648298217280
2376,0.9172648298217280
2384,0.9172648298217280
972,0.9172648298217280
2373,0.9172648298217280
2252,0.9172648298217280
2381,0.9172648298217280
2249,0.9172648298217280
2240,0.9172648298217280
2382,0.9172648298217280
2369,0.9172648298217280
982,0.9172648298217280
3202,0.9154841398471970
3220,0.9154841398471970
3209,0.9154841398471970
3211,0.9154841398471970
3217,0.9154841398471970
3222,0.9154841398471970
3205,0.9154841398471970
3221,0.9154841398471970
3208,0.9154841398471970
3212,0.9154841398471970
3219,0.9154841398471970
3216,0.9154841398471970
3207,0.9154841398471970
3218,0.9154841398471970
3215,0.9154841398471970
3214,0.9154841398471970
3206,0.9154841398471970
3210,0.9154841398471970
3213,0.9154841398471970
3204,0.9154841398471970
3203,0.9154841398471970
140,0.9138653307794410
160,0.9138653307794410
152,0.9138653307794410
162,0.9138653307794410
123,0.9138653307794410
163,0.9138653307794410
171,0.9138653307794410
128,0.9138653307794410
124,0.9138653307794410
130,0.9138653307794410
167,0.9138653307794410
134,0.9138653307794410
133,0.9138653307794410
127,0.9138653307794410
158,0.9138653307794410
161,0.9138653307794410
142,0.9138653307794410
136,0.9138653307794410
164,0.9138653307794410
143,0.9138653307794410
170,0.9138653307794410
126,0.9138653307794410
168,0.9138653307794410
157,0.9138653307794410
155,0.9138653307794410
131,0.9138653307794410
150,0.9138653307794410
166,0.9138653307794410
156,0.9138653307794410
159,0.9138653307794410
129,0.9138653307794410
139,0.9138653307794410
165,0.9138653307794410
151,0.9138653307794410
122,0.9138653307794410
137,0.9138653307794410
153,0.9138653307794410
154,0.9138653307794410
138,0.9138653307794410
169,0.9138653307794410
135,0.9138653307794410
132,0.9138653307794410
141,0.9138653307794410
125,0.9138653307794410
2974,0.9123872877175770
2976,0.9123872877175770
2972,0.9123872877175770
2966,0.9123872877175770
2981,0.9123872877175770
2980,0.9123872877175770
2984,0.9123872877175770
2970,0.9123872877175770
2973,0.9123872877175770
2969,0.9123872877175770
2965,0.9123872877175770
2967,0.9123872877175770
2985,0.9123872877175770
2971,0.9123872877175770
2968,0.9123872877175770
2979,0.9123872877175770
2977,0.9123872877175770
2987,0.9123872877175770
2975,0.9123872877175770
2986,0.9123872877175770
2978,0.9123872877175770
2982,0.9123872877175770
2983,0.9123872877175770
1947,0.9110324149108690
1933,0.9110324149108690
1930,0.9110324149108690
1935,0.9110324149108690
1944,0.9110324149108690
1925,0.9110324149108690
1942,0.9110324149108690
1945,0.9110324149108690
1938,0.9110324149108690
1934,0.9110324149108690
1937,0.9110324149108690
1936,0.9110324149108690
1931,0.9110324149108690
1939,0.9110324149108690
1941,0.9110324149108690
1929,0.9110324149108690
1940,0.9110324149108690
1928,0.9110324149108690
1926,0.9110324149108690
1932,0.9110324149108690
0,0.9110324149108690
1943,0.9110324149108690
1946,0.9110324149108690
1927,0.9110324149108690
2493,0.8798703403565730
956,0.8798703403565730
1,0.8798703403565730
450,0.8798703403565730
2797,0.8798703403565730
2346,0.8798703403565730
2117,0.8798703403565730
355,0.8798703403565730
548,0.8798703403565730
2938,0.8798703403565730
1716,0.8798703403565730
2706,0.8798703403565730
1377,0.8798703403565730
1005,0.8798703403565730
3296,0.8798703403565730
2657,0.8798703403565730
2618,0.8798703403565730
1279,0.8798703403565730
1468,0.8798703403565730
2439,0.8798703403565730
2744,0.8798703403565730
3128,0.8798703403565730
2205,0.8798703403565730
2875,0.8798703403565730
417,0.8798703403565730
1300,0.8798703403565730
1042,0.8798703403565730
685,0.8798703403565730
1883,0.8798703403565730
888,0.8798703403565730
3298,0.8798703403565730
483,0.8798703403565730
3045,0.8798703403565730
2581,0.8798703403565730
1369,0.8798703403565730
2059,0.8798703403565730
1228,0.8798703403565730
282,0.8798703403565730
177,0.8798703403565730
1481,0.8798703403565730
2824,0.8798703403565730
2829,0.8798703403565730
966,0.8798703403565730
1730,0.8798703403565730
2321,0.8798703403565730
2497,0.8798703403565730
2030,0.8798703403565730
1418,0.8798703403565730
2452,0.8798703403565730
299,0.8798703403565730
3230,0.8798703403565730
2893,0.8798703403565730
3029,0.8798703403565730
2586,0.8798703403565730
2696,0.8798703403565730
1070,0.8798703403565730
118,0.8798703403565730
2749,0.8798703403565730
3228,0.8798703403565730
2561,0.8798703403565730
1919,0.8798703403565730
3378,0.8798703403565730
2809,0.8798703403565730
3196,0.8798703403565730
2137,0.8798703403565730
2008,0.8798703403565730
1288,0.8798703403565730
2679,0.8798703403565730
3010,0.8798703403565730
3053,0.8798703403565730
2256,0.8798703403565730
238,0.8798703403565730
1904,0.8798703403565730
471,0.8798703403565730
1462,0.8798703403565730
2290,0.8798703403565730
45,0.8798703403565730
1322,0.8798703403565730
853,0.8798703403565730
1861,0.8798703403565730
2860,0.8798703403565730
1301,0.8798703403565730
2658,0.8798703403565730
3162,0.8798703403565730
778,0.8798703403565730
3223,0.8798703403565730
77,0.8798703403565730
3171,0.8798703403565730
1654,0.8798703403565730
2857,0.8798703403565730
1316,0.8798703403565730
885,0.8798703403565730
1579,0.8798703403565730
263,0.8798703403565730
2845,0.8798703403565730
2798,0.8798703403565730
72,0.8798703403565730
1671,0.8798703403565730
652,0.8798703403565730
2420,0.8798703403565730
1420,0.8798703403565730
937,0.8798703403565730
2582,0.8798703403565730
3185,0.8798703403565730
279,0.8798703403565730
2654,0.8798703403565730
2490,0.8798703403565730
1346,0.8798703403565730
3226,0.8798703403565730
606,0.8798703403565730
943,0.8798703403565730
1233,0.8798703403565730
757,0.8798703403565730
1737,0.8798703403565730
3099,0.8798703403565730
634,0.8798703403565730
911,0.8798703403565730
2479,0.8798703403565730
2727,0.8798703403565730
3187,0.8798703403565730
1342,0.8798703403565730
1378,0.8798703403565730
2179,0.8798703403565730
361,0.8798703403565730
881,0.8798703403565730
3181,0.8798703403565730
1434,0.8798703403565730
1449,0.8798703403565730
1535,0.8798703403565730
1045,0.8798703403565730
2989,0.8798703403565730
681,0.8798703403565730
1639,0.8798703403565730
1860,0.8798703403565730
1026,0.8798703403565730
783,0.8798703403565730
3297,0.8798703403565730
1507,0.8798703403565730
2870,0.8798703403565730
2651,0.8798703403565730
852,0.8798703403565730
1844,0.8798703403565730
2702,0.8798703403565730
1539,0.8798703403565730
2939,0.8798703403565730
2336,0.8798703403565730
1960,0.8798703403565730
101,0.8798703403565730
2826,0.8798703403565730
2097,0.8798703403565730
213,0.8798703403565730
1140,0.8798703403565730
2365,0.8798703403565730
1333,0.8798703403565730
1975,0.8798703403565730
328,0.8798703403565730
1360,0.8798703403565730
407,0.8798703403565730
50,0.8798703403565730
1805,0.8798703403565730
2681,0.8798703403565730
2422,0.8798703403565730
2078,0.8798703403565730
2949,0.8798703403565730
3306,0.8798703403565730
799,0.8798703403565730
637,0.8798703403565730
1029,0.8798703403565730
2605,0.8798703403565730
2159,0.8798703403565730
1714,0.8798703403565730
918,0.8798703403565730
1020,0.8798703403565730
2011,0.8798703403565730
1359,0.8798703403565730
2101,0.8798703403565730
804,0.8798703403565730
2768,0.8798703403565730
1774,0.8798703403565730
1424,0.8798703403565730
1100,0.8798703403565730
3017,0.8798703403565730
1682,0.8798703403565730
400,0.8798703403565730
764,0.8798703403565730
1065,0.8798703403565730
890,0.8798703403565730
2067,0.8798703403565730
1245,0.8798703403565730
1979,0.8798703403565730
3266,0.8798703403565730
2564,0.8798703403565730
557,0.8798703403565730
2012,0.8798703403565730
121,0.8798703403565730
1167,0.8798703403565730
1967,0.8798703403565730
1884,0.8798703403565730
2393,0.8798703403565730
2988,0.8798703403565730
569,0.8798703403565730
714,0.8798703403565730
1516,0.8798703403565730
1151,0.8798703403565730
2435,0.8798703403565730
534,0.8798703403565730
1127,0.8798703403565730
1740,0.8798703403565730
3314,0.8798703403565730
3174,0.8798703403565730
1793,0.8798703403565730
2160,0.8798703403565730
3354,0.8798703403565730
2434,0.8798703403565730
2943,0.8798703403565730
1307,0.8798703403565730
59,0.8798703403565730
3129,0.8798703403565730
2156,0.8798703403565730
661,0.8798703403565730
647,0.8798703403565730
29,0.8798703403565730
3309,0.8798703403565730
2516,0.8798703403565730
865,0.8798703403565730
2614,0.8798703403565730
998,0.8798703403565730
1705,0.8798703403565730
1542,0.8798703403565730
3198,0.8798703403565730
2947,0.8798703403565730
1577,0.8798703403565730
3224,0.8798703403565730
2728,0.8798703403565730
87,0.8798703403565730
1215,0.8798703403565730
2172,0.8798703403565730
747,0.8798703403565730
97,0.8798703403565730
3003,0.8798703403565730
448,0.8798703403565730
478,0.8798703403565730
932,0.8798703403565730
2596,0.8798703403565730
1868,0.8798703403565730
24,0.8798703403565730
2231,0.8798703403565730
3382,0.8798703403565730
2471,0.8798703403565730
719,0.8798703403565730
2254,0.8798703403565730
2882,0.8798703403565730
2337,0.8798703403565730
590,0.8798703403565730
2061,0.8798703403565730
3111,0.8798703403565730
2392,0.8798703403565730
81,0.8798703403565730
2805,0.8798703403565730
1402,0.8798703403565730
1829,0.8798703403565730
736,0.8798703403565730
144,0.8798703403565730
494,0.8798703403565730
1264,0.8798703403565730
2940,0.8798703403565730
73,0.8798703403565730
2953,0.8798703403565730
2782,0.8798703403565730
2545,0.8798703403565730
2729,0.8798703403565730
3101,0.8798703403565730
845,0.8798703403565730
2755,0.8798703403565730
2950,0.8798703403565730
1559,0.8798703403565730
2723,0.8798703403565730
2275,0.8798703403565730
2741,0.8798703403565730
1111,0.8798703403565730
2645,0.8798703403565730
500,0.8798703403565730
1385,0.8798703403565730
2099,0.8798703403565730
3252,0.8798703403565730
995,0.8798703403565730
2278,0.8798703403565730
340,0.8798703403565730
2076,0.8798703403565730
2258,0.8798703403565730
2466,0.8798703403565730
37,0.8798703403565730
2450,0.8798703403565730
1612,0.8798703403565730
1476,0.8798703403565730
198,0.8798703403565730
2638,0.8798703403565730
1193,0.8798703403565730
1572,0.8798703403565730
1161,0.8798703403565730
1244,0.8798703403565730
2944,0.8798703403565730
221,0.8798703403565730
2535,0.8798703403565730
2075,0.8798703403565730
3075,0.8798703403565730
458,0.8798703403565730
1083,0.8798703403565730
1902,0.8798703403565730
1963,0.8798703403565730
1568,0.8798703403565730
2624,0.8798703403565730
617,0.8798703403565730
1313,0.8798703403565730
789,0.8798703403565730
1878,0.8798703403565730
1275,0.8798703403565730
1160,0.8798703403565730
2216,0.8798703403565730
564,0.8798703403565730
2048,0.8798703403565730
207,0.8798703403565730
1460,0.8798703403565730
604,0.8798703403565730
912,0.8798703403565730
2958,0.8798703403565730
1466,0.8798703403565730
1830,0.8798703403565730
2664,0.8798703403565730
1630,0.8798703403565730
1182,0.8798703403565730
3032,0.8798703403565730
1150,0.8798703403565730
1816,0.8798703403565730
1075,0.8798703403565730
541,0.8798703403565730
2174,0.8798703403565730
2360,0.8798703403565730
423,0.8798703403565730
2133,0.8798703403565730
987,0.8798703403565730
3000,0.8798703403565730
695,0.8798703403565730
3180,0.8798703403565730
1565,0.8798703403565730
368,0.8798703403565730
796,0.8798703403565730
316,0.8798703403565730
612,0.8798703403565730
1157,0.8798703403565730
1014,0.8798703403565730
1792,0.8798703403565730
2514,0.8798703403565730
2891,0.8798703403565730
1135,0.8798703403565730
857,0.8798703403565730
1898,0.8798703403565730
2513,0.8798703403565730
2752,0.8798703403565730
3236,0.8798703403565730
930,0.8798703403565730
906,0.8798703403565730
3086,0.8798703403565730
2550,0.8798703403565730
3330,0.8798703403565730
2338,0.8798703403565730
2717,0.8798703403565730
1842,0.8798703403565730
3370,0.8798703403565730
2123,0.8798703403565730
2820,0.8798703403565730
1252,0.8798703403565730
2326,0.8798703403565730
2923,0.8798703403565730
2539,0.8798703403565730
1326,0.8798703403565730
1511,0.8798703403565730
2438,0.8798703403565730
1370,0.8798703403565730
879,0.8798703403565730
1821,0.8798703403565730
2386,0.8798703403565730
552,0.8798703403565730
3248,0.8798703403565730
2142,0.8798703403565730
833,0.8798703403565730
1718,0.8798703403565730
2167,0.8798703403565730
1054,0.8798703403565730
2557,0.8798703403565730
2475,0.8798703403565730
753,0.8798703403565730
2329,0.8798703403565730
1637,0.8798703403565730
3315,0.8798703403565730
1501,0.8798703403565730
1957,0.8798703403565730
1871,0.8798703403565730
12,0.8798703403565730
861,0.8798703403565730
1876,0.8798703403565730
1658,0.8798703403565730
331,0.8798703403565730
429,0.8798703403565730
2138,0.8798703403565730
1583,0.8798703403565730
1754,0.8798703403565730
3302,0.8798703403565730
2188,0.8798703403565730
851,0.8798703403565730
40,0.8798703403565730
1068,0.8798703403565730
3259,0.8798703403565730
2143,0.8798703403565730
1966,0.8798703403565730
1852,0.8798703403565730
2781,0.8798703403565730
1834,0.8798703403565730
351,0.8798703403565730
2462,0.8798703403565730
2622,0.8798703403565730
786,0.8798703403565730
3318,0.8798703403565730
513,0.8798703403565730
1994,0.8798703403565730
2411,0.8798703403565730
643,0.8798703403565730
2150,0.8798703403565730
1729,0.8798703403565730
2731,0.8798703403565730
1362,0.8798703403565730
3310,0.8798703403565730
1972,0.8798703403565730
883,0.8798703403565730
3173,0.8798703403565730
2166,0.8798703403565730
2228,0.8798703403565730
839,0.8798703403565730
1063,0.8798703403565730
335,0.8798703403565730
1736,0.8798703403565730
518,0.8798703403565730
1471,0.8798703403565730
1552,0.8798703403565730
2842,0.8798703403565730
945,0.8798703403565730
1422,0.8798703403565730
2534,0.8798703403565730
388,0.8798703403565730
254,0.8798703403565730
1784,0.8798703403565730
822,0.8798703403565730
2388,0.8798703403565730
2269,0.8798703403565730
1156,0.8798703403565730
149,0.8798703403565730
1332,0.8798703403565730
2536,0.8798703403565730
2559,0.8798703403565730
3334,0.8798703403565730
3081,0.8798703403565730
394,0.8798703403565730
2140,0.8798703403565730
2830,0.8798703403565730
1208,0.8798703403565730
3093,0.8798703403565730
2065,0.8798703403565730
2887,0.8798703403565730
2359,0.8798703403565730
1458,0.8798703403565730
2344,0.8798703403565730
1965,0.8798703403565730
1251,0.8798703403565730
1924,0.8798703403565730
1571,0.8798703403565730
2483,0.8798703403565730
2233,0.8798703403565730
3235,0.8798703403565730
1703,0.8798703403565730
1292,0.8798703403565730
1105,0.8798703403565730
1212,0.8798703403565730
2230,0.8798703403565730
443,0.8798703403565730
1414,0.8798703403565730
2850,0.8798703403565730
1416,0.8798703403565730
321,0.8798703403565730
489,0.8798703403565730
2712,0.8798703403565730
1165,0.8798703403565730
1677,0.8798703403565730
3332,0.8798703403565730
2732,0.8798703403565730
2709,0.8798703403565730
1505,0.8798703403565730
1190,0.8798703403565730
3177,0.8798703403565730
2263,0.8798703403565730
688,0.8798703403565730
2964,0.8798703403565730
2626,0.8798703403565730
1968,0.8798703403565730
2193,0.8798703403565730
34,0.8798703403565730
3201,0.8798703403565730
1540,0.8798703403565730
1566,0.8798703403565730
1337,0.8798703403565730
1891,0.8798703403565730
2946,0.8798703403565730
1697,0.8798703403565730
2262,0.8798703403565730
2461,0.8798703403565730
1492,0.8798703403565730
1733,0.8798703403565730
2876,0.8798703403565730
2720,0.8798703403565730
2409,0.8798703403565730
1170,0.8798703403565730
3373,0.8798703403565730
249,0.8798703403565730
39,0.8798703403565730
3331,0.8798703403565730
3014,0.8798703403565730
66,0.8798703403565730
3113,0.8798703403565730
1606,0.8798703403565730
1723,0.8798703403565730
1866,0.8798703403565730
3055,0.8798703403565730
1242,0.8798703403565730
2665,0.8798703403565730
676,0.8798703403565730
2852,0.8798703403565730
2315,0.8798703403565730
1824,0.8798703403565730
809,0.8798703403565730
3273,0.8798703403565730
722,0.8798703403565730
2916,0.8798703403565730
2308,0.8798703403565730
3097,0.8798703403565730
3381,0.8798703403565730
1909,0.8798703403565730
2878,0.8798703403565730
3088,0.8798703403565730
3278,0.8798703403565730
2577,0.8798703403565730
2215,0.8798703403565730
3256,0.8798703403565730
825,0.8798703403565730
710,0.8798703403565730
3143,0.8798703403565730
1499,0.8798703403565730
2428,0.8798703403565730
2349,0.8798703403565730
716,0.8798703403565730
3290,0.8798703403565730
1088,0.8798703403565730
1859,0.8798703403565730
3395,0.8798703403565730
2227,0.8798703403565730
307,0.8798703403565730
1036,0.8798703403565730
346,0.8798703403565730
2049,0.8798703403565730
628,0.8798703403565730
2960,0.8798703403565730
2607,0.8798703403565730
649,0.8798703403565730
581,0.8798703403565730
2090,0.8798703403565730
2610,0.8798703403565730
1427,0.8798703403565730
3001,0.8798703403565730
2333,0.8798703403565730
3343,0.8798703403565730
2915,0.8798703403565730
439,0.8798703403565730
2660,0.8798703403565730
527,0.8798703403565730
2736,0.8798703403565730
3267,0.8798703403565730
2699,0.8798703403565730
2807,0.8798703403565730
3301,0.8798703403565730
172,0.8798703403565730
3036,0.8798703403565730
531,0.8798703403565730
1071,0.8798703403565730
3089,0.8798703403565730
660,0.8798703403565730
43,0.8798703403565730
2457,0.8798703403565730
2456,0.8798703403565730
3091,0.8798703403565730
2690,0.8798703403565730
2745,0.8798703403565730
3098,0.8798703403565730
3106,0.8798703403565730
1525,0.8798703403565730
2006,0.8798703403565730
3085,0.8798703403565730
473,0.8798703403565730
1008,0.8798703403565730
2695,0.8798703403565730
63,0.8798703403565730
2913,0.8798703403565730
1028,0.8798703403565730
2601,0.8798703403565730
1439,0.8798703403565730
82,0.8798703403565730
3390,0.8798703403565730
2639,0.8798703403565730
1394,0.8798703403565730
1810,0.8798703403565730
1474,0.8798703403565730
1650,0.8798703403565730
1382,0.8798703403565730
2568,0.8798703403565730
2222,0.8798703403565730
1582,0.8798703403565730
3288,0.8798703403565730
1113,0.8798703403565730
1432,0.8798703403565730
2292,0.8798703403565730
2951,0.8798703403565730
3069,0.8798703403565730
1588,0.8798703403565730
3160,0.8798703403565730
2719,0.8798703403565730
2232,0.8798703403565730
3349,0.8798703403565730
503,0.8798703403565730
1119,0.8798703403565730
3041,0.8798703403565730
3112,0.8798703403565730
2783,0.8798703403565730
465,0.8798703403565730
2652,0.8798703403565730
107,0.8798703403565730
2574,0.8798703403565730
2285,0.8798703403565730
183,0.8798703403565730
1593,0.8798703403565730
3286,0.8798703403565730
2504,0.8798703403565730
